,,,,,,,Passing,,,Rushing,,,Receiving,,
Value,Name,Team,Pos,BYE,Rank,Pts,Yards,TD,INT,ATT,YDS,TD,REC,YDS,TD
86,Bijan Robinson,ATL,RB,11,1,295,0,0,0,280,1372,9,64,537,3
78,Jahmyr Gibbs,DET,RB,6,2,278,0,0,0,243,1191,10,60,508,3
69,Christian McCaffrey,SF,RB,8,3,260,0,0,0,240,984,7,70,606,4
68,Jonathan Taylor,IND,RB,13,4,256,0,0,0,287,1385,11,36,278,1
63,James Cook,BUF,RB,7,5,247,0,0,0,264,1270,11,31,268,2
59,Ashton Jeanty,LV,RB,13,6,239,0,0,0,281,1152,8,50,383,2
59,Derrick Henry,BAL,RB,13,7,238,0,0,0,281,1406,12,15,121,1
59,Puka Nacua,LAR,WR,11,8,259,0,0,0,10,55,0,107,1400,10
54,Ja'Marr Chase,CIN,WR,6,9,251,0,0,0,3,16,0,109,1345,10
53,Saquon Barkley,PHI,RB,10,10,226,0,0,0,271,1220,8,35,265,2
53,De'Von Achane,MIA,RB,6,11,226,0,0,0,212,1070,6,56,430,2
51,Omarion Hampton,LAC,RB,7,12,222,0,0,0,232,1015,8,48,364,2
47,Jeremiyah Love,ARI,RB,14,13,215,0,0,0,230,1003,6,53,397,2
47,Jaxon Smith-Njigba,SEA,WR,11,14,235,0,0,0,6,33,0,99,1343,8
46,Kenneth Walker,KC,RB,5,15,212,0,0,0,242,1063,8,37,272,2
45,Chase Brown,CIN,RB,6,16,210,0,0,0,200,859,7,52,379,3
43,Amon-Ra St. Brown,DET,WR,6,17,228,0,0,0,3,16,0,106,1249,8
41,CeeDee Lamb,DAL,WR,14,18,223,0,0,0,3,16,0,96,1249,8
40,Breece Hall,NYJ,RB,13,19,200,0,0,0,224,1006,6,38,320,2
38,Travis Etienne,NO,RB,8,20,196,0,0,0,235,990,6,38,299,2
35,Kyren Williams,LAR,RB,11,21,189,0,0,0,217,934,8,30,209,2
34,Josh Jacobs,GB,RB,11,22,188,0,0,0,217,918,8,33,258,1
34,Trey McBride,ARI,TE,14,23,191,0,0,0,0,0,0,99,999,7
34,Javonte Williams,DAL,RB,14,24,188,0,0,0,234,984,7,36,234,1
33,Brock Bowers,LV,TE,13,25,188,0,0,0,4,16,0,93,979,7
33,Josh Allen,BUF,QB,7,26,364,3650,27,10,110,535,11,0,0,0
32,Bucky Irving,TB,RB,10,27,183,0,0,0,211,902,6,36,271,2
32,David Montgomery,HOU,RB,8,28,182,0,0,0,227,948,7,32,236,1
31,Justin Jefferson,MIN,WR,6,29,202,0,0,0,1,6,0,88,1155,7
29,D'Andre Swift,CHI,RB,10,30,177,0,0,0,191,861,7,34,263,1
28,Nico Collins,HOU,WR,8,31,196,0,0,0,3,16,0,76,1144,7
28,George Pickens,DAL,WR,14,32,196,0,0,0,1,6,0,76,1153,7
28,Drake London,ATL,WR,11,33,196,0,0,0,1,6,0,86,1101,7
27,A.J. Brown,NE,WR,11,34,194,0,0,0,1,6,0,76,1132,7
26,Cam Skattebo,NYG,RB,8,35,171,0,0,0,196,820,6,38,277,1
26,Quinshon Judkins,CLE,RB,11,36,170,0,0,0,226,926,6,29,207,1
25,Jadarian Price,SEA,RB,11,37,169,0,0,0,212,912,7,19,138,1
25,Chris Olave,NO,WR,8,38,190,0,0,0,1,6,0,80,1072,7
25,Malik Nabers,NYG,WR,8,39,190,0,0,0,3,16,0,82,1050,7
24,Garrett Wilson,NYJ,WR,13,40,188,0,0,0,3,16,0,86,1075,6
24,Zay Flowers,BAL,WR,13,41,187,0,0,0,5,29,0,80,1083,6
23,TreVeyon Henderson,NE,RB,11,42,164,0,0,0,179,785,6,35,260,1
21,Chuba Hubbard,CAR,RB,5,43,161,0,0,0,198,840,6,30,201,1
21,Rhamondre Stevenson,NE,RB,11,44,160,0,0,0,186,799,6,31,225,1
20,Colston Loveland,CHI,TE,10,45,162,0,0,0,1,4,0,77,870,6
20,DeVonta Smith,PHI,WR,10,46,179,0,0,0,1,6,0,78,1035,6
19,Jaylen Warren,PIT,RB,9,47,157,0,0,0,172,759,5,36,267,1
19,Tetairoa McMillan,CAR,WR,5,48,177,0,0,0,1,6,0,74,1033,6
18,Jameson Williams,DET,WR,6,49,176,0,0,0,8,44,0,60,998,7
18,Bhayshul Tuten,JAX,RB,7,50,155,0,0,0,175,756,6,30,223,1
18,Lamar Jackson,BAL,QB,13,51,326,3380,27,8,119,668,4,0,0,0
17,Drake Maye,NE,QB,11,52,325,3854,29,11,85,416,4,0,0,0
17,Tee Higgins,CIN,WR,6,53,173,0,0,0,1,6,0,68,960,7
16,Ladd McConkey,LAC,WR,7,54,172,0,0,0,2,11,0,77,962,6
16,Mike Evans,SF,WR,8,55,171,0,0,0,0,0,0,66,900,8
15,Tony Pollard,TEN,RB,9,56,148,0,0,0,189,794,5,28,187,1
15,Tyler Warren,IND,TE,13,57,151,0,0,0,5,17,0,78,805,5
15,Jayden Daniels,WAS,QB,7,58,318,3353,22,9,126,686,6,0,0,0
15,J.K. Dobbins,DEN,RB,10,59,147,0,0,0,171,732,6,26,190,1
14,Luther Burden,CHI,WR,10,60,167,0,0,0,10,61,0,72,886,6
14,Kyle Monangai,CHI,RB,10,61,145,0,0,0,166,751,6,23,165,1
13,Jalen Hurts,PHI,QB,10,62,315,3326,21,8,120,515,9,0,0,0
13,Harold Fannin,CLE,TE,11,63,148,0,0,0,6,26,0,77,770,5
13,Terry McLaurin,WAS,WR,7,64,166,0,0,0,1,6,0,68,950,6
12,Emeka Egbuka,TB,WR,10,65,164,0,0,0,3,19,0,68,917,6
12,Parker Washington,JAX,WR,7,66,162,0,0,0,9,53,0,65,824,6
11,Rashee Rice,KC,WR,5,67,162,0,0,0,5,26,0,77,849,6
11,Sam LaPorta,DET,TE,6,68,144,0,0,0,1,3,0,67,743,6
11,Joe Burrow,CIN,QB,6,69,308,4008,33,10,46,138,2,0,0,0
11,Trevor Lawrence,JAX,QB,7,70,307,3788,26,12,79,339,5,0,0,0
11,Justin Herbert,LAC,QB,7,71,307,3920,27,10,71,345,3,0,0,0
11,Aaron Jones,MIN,RB,6,72,139,0,0,0,154,658,3,40,290,1
10,Rico Dowdle,PIT,RB,9,73,139,0,0,0,151,646,4,36,260,1
10,Christian Watson,GB,WR,11,74,160,0,0,0,2,13,0,57,941,6
10,Jaxson Dart,NYG,QB,8,75,305,3366,23,12,106,539,6,0,0,0
9,Dak Prescott,DAL,QB,14,76,304,4292,31,13,44,152,1,0,0,0
9,Caleb Williams,CHI,QB,10,77,303,3651,28,10,75,373,3,0,0,0
9,Alec Pierce,IND,WR,13,78,157,0,0,0,1,7,0,57,918,6
9,Rome Odunze,CHI,WR,10,79,157,0,0,0,1,6,0,62,891,6
9,Kyle Pitts,ATL,TE,11,80,139,0,0,0,0,0,0,66,756,5
8,Davante Adams,LAR,WR,11,81,156,0,0,0,0,0,0,61,772,8
8,Jaylen Waddle,DEN,WR,10,82,155,0,0,0,3,15,0,65,850,6
8,Carnell Tate,TEN,WR,9,83,155,0,0,0,2,11,0,71,882,5
8,Bo Nix,DEN,QB,10,84,300,3768,26,12,76,330,4,0,0,0
7,Brian Thomas,JAX,WR,7,85,153,0,0,0,3,16,0,59,858,6
7,Brock Purdy,SF,QB,8,86,298,3824,29,13,63,237,3,0,0,0
7,Tucker Kraft,GB,TE,11,87,135,0,0,0,0,0,0,64,728,5
7,DK Metcalf,PIT,WR,9,88,152,0,0,0,2,10,0,62,843,6
6,Blake Corum,LAR,RB,11,89,130,0,0,0,172,757,6,15,106,0
5,DJ Moore,BUF,WR,7,90,150,0,0,0,5,29,0,63,851,5
5,Travis Kelce,KC,TE,5,91,132,0,0,0,0,0,0,67,680,5
5,RJ Harvey,DEN,RB,10,92,128,0,0,0,124,515,3,37,276,2
5,Chris Rodriguez,JAX,RB,7,93,127,0,0,0,171,728,6,15,107,0
4,Marvin Harrison,ARI,WR,14,94,146,0,0,0,0,0,0,60,857,5
3,Jordyn Tyson,NO,WR,8,95,146,0,0,0,2,10,0,66,816,5
3,Mark Andrews,BAL,TE,13,96,128,0,0,0,6,11,0,57,622,6
3,Jake Ferguson,DAL,TE,14,97,127,0,0,0,0,0,0,70,618,5
3,Brandon Aubrey,DAL,K,14,98,141,0,0,0,0,0,0,0,0,0
3,Jordan Love,GB,QB,11,99,287,3808,28,10,51,202,2,0,0,0
2,Dalton Kincaid,BUF,TE,7,100,126,0,0,0,0,0,0,63,701,4
2,Jason Myers,SEA,K,11,101,139,0,0,0,0,0,0,0,0,0
2,Jared Goff,DET,QB,6,102,285,4104,30,10,29,53,1,0,0,0
2,Ka'imi Fairbairn,HOU,K,8,103,138,0,0,0,0,0,0,0,0,0
2,Cameron Dicker,LAC,K,7,104,138,0,0,0,0,0,0,0,0,0
2,Brenton Strange,JAX,TE,7,105,125,0,0,0,0,0,0,60,648,5
2,Jacory Croskey-Merritt,WAS,RB,7,106,120,0,0,0,141,614,5,19,135,1
1,Cam Little,JAX,K,7,107,134,0,0,0,0,0,0,0,0,0
1,Jordan Mason,MIN,RB,6,108,120,0,0,0,165,693,5,17,122,0
1,George Kittle,SF,TE,8,109,123,0,0,0,0,0,0,57,649,5
1,Baker Mayfield,TB,QB,10,110,281,3682,26,13,63,306,2,0,0,0
1,Patrick Mahomes,KC,QB,5,111,281,3773,28,11,49,227,1,0,0,0
1,Matthew Stafford,LAR,QB,11,112,280,4033,32,11,27,19,0,0,0,0
1,Michael Wilson,ARI,WR,14,113,140,0,0,0,1,6,0,61,788,5
1,Ricky Pearsall,SF,WR,8,114,140,0,0,0,3,18,0,57,794,5
1,Chris Godwin,TB,WR,10,115,140,0,0,0,1,6,0,68,750,5
1,Courtland Sutton,DEN,WR,10,116,140,0,0,0,0,0,0,56,755,6
1,Jayden Reed,GB,WR,11,117,139,0,0,0,12,68,0,58,730,5
1,Romeo Doubs,NE,WR,11,118,139,0,0,0,0,0,0,57,742,6
1,Evan McPherson,CIN,K,6,119,132,0,0,0,0,0,0,0,0,0
1,Jake Bates,DET,K,6,120,132,0,0,0,0,0,0,0,0,0
1,Tyler Loop,BAL,K,13,121,132,0,0,0,0,0,0,0,0,0
1,Harrison Mevis,LAR,K,11,122,131,0,0,0,0,0,0,0,0,0
1,Chase McLaughlin,TB,K,10,123,130,0,0,0,0,0,0,0,0,0
1,Chris Boswell,PIT,K,9,124,129,0,0,0,0,0,0,0,0,0
1,Eddy Pineiro,SF,K,8,125,128,0,0,0,0,0,0,0,0,0
1,Will Reichard,MIN,K,6,126,128,0,0,0,0,0,0,0,0,0
1,Oronde Gadsden,LAC,TE,7,127,122,0,0,0,0,0,0,57,636,5
1,Isaiah Likely,NYG,TE,8,128,122,0,0,0,0,0,0,59,622,5
1,Kenneth Gainwell,TB,RB,10,129,118,0,0,0,90,380,3,40,302,2
0,Makai Lemon,PHI,WR,10,130,139,0,0,0,2,10,0,60,775,5
0,Cairo Santos,CHI,K,10,131,127,0,0,0,0,0,0,0,0,0
0,Harrison Butker,KC,K,5,132,127,0,0,0,0,0,0,0,0,0
0,Wil Lutz,DEN,K,10,133,127,0,0,0,0,0,0,0,0,0
0,Tyler Bass,BUF,K,7,134,127,0,0,0,0,0,0,0,0,0
0,Hunter Henry,NE,TE,11,135,120,0,0,0,0,0,0,55,624,5
0,Andy Borregales,NE,K,11,136,125,0,0,0,0,0,0,0,0,0
-1,Jakobi Meyers,JAX,WR,7,137,137,0,0,0,4,21,0,64,732,5
-1,Nick Folk,ATL,K,11,138,123,0,0,0,0,0,0,0,0,0
-1,Blake Grupe,IND,K,13,139,123,0,0,0,0,0,0,0,0,0
-1,Xavier Worthy,KC,WR,5,140,136,0,0,0,17,90,1,55,695,4
-1,Jason Sanders,NYJ,K,13,141,120,0,0,0,0,0,0,0,0,0
-2,Charlie Smyth,NO,K,8,142,119,0,0,0,0,0,0,0,0,0
-2,Jayden Higgins,HOU,WR,8,143,135,0,0,0,1,6,0,57,761,5
-2,Quentin Johnston,LAC,WR,7,144,135,0,0,0,2,11,0,58,748,5
-2,Jake Moody,WAS,K,7,145,118,0,0,0,0,0,0,0,0,0
-2,Stefon Diggs,FA,WR,,146,135,0,0,0,1,6,0,63,725,5
-2,Ryan Fitzgerald,CAR,K,5,147,117,0,0,0,0,0,0,0,0,0
-2,Jake Elliott,PHI,K,10,148,117,0,0,0,0,0,0,0,0,0
-2,Jordan Addison,MIN,WR,6,149,134,0,0,0,4,21,0,55,745,5
-2,Jalen Coker,CAR,WR,5,150,134,0,0,0,1,6,0,59,738,5
-2,Chad Ryland,ARI,K,14,151,115,0,0,0,0,0,0,0,0,0
-2,Michael Pittman,PIT,WR,9,152,134,0,0,0,1,7,0,68,748,4
-3,Dallas Goedert,PHI,TE,10,153,116,0,0,0,0,0,0,53,590,5
-3,Matthew Golden,GB,WR,11,154,132,0,0,0,9,57,0,53,701,5
-3,Josh Downs,IND,WR,13,155,132,0,0,0,2,12,0,67,734,4
-3,Khalil Shakir,BUF,WR,7,156,132,0,0,0,2,10,0,69,725,4
-3,Joey Slye,TEN,K,9,157,110,0,0,0,0,0,0,0,0,0
-4,AJ Barner,SEA,TE,11,158,113,0,0,0,10,14,1,58,530,4
-4,Matt Gay,LV,K,13,159,108,0,0,0,0,0,0,0,0,0
-4,KC Concepcion,CLE,WR,11,160,130,0,0,0,9,51,0,55,676,4
-4,Trey Smack,GB,K,11,161,106,0,0,0,0,0,0,0,0,0
-4,Rachaad White,WAS,RB,7,162,109,0,0,0,109,446,3,32,241,1
-4,Andre Szmyt,CLE,K,11,163,104,0,0,0,0,0,0,0,0,0
-5,Kyler Murray,MIN,QB,6,164,269,3285,20,9,83,488,3,0,0,0
-5,Juwan Johnson,NO,TE,8,165,110,0,0,0,0,0,0,54,586,4
-5,Kenyon Sadiq,NYJ,TE,13,166,109,0,0,0,2,9,0,55,570,4
-6,Wan'Dale Robinson,TEN,WR,9,167,127,0,0,0,3,15,0,66,685,4
-6,Sam Darnold,SEA,QB,11,168,267,3676,26,12,44,157,2,0,0,0
-7,Tyrone Tracy,NYG,RB,8,169,103,0,0,0,124,528,3,21,155,1
-7,Omar Cooper,NYJ,WR,13,170,124,0,0,0,3,18,0,56,700,4
-7,Dalton Schultz,HOU,TE,8,171,106,0,0,0,0,0,0,55,545,4
-8,Tyler Shough,NO,QB,8,172,264,3525,21,12,81,330,3,0,0,0
-8,Dominic Zvada,NYG,K,8,173,85,0,0,0,0,0,0,0,0,0
-9,T.J. Hockenson,MIN,TE,6,174,103,0,0,0,0,0,0,57,565,3
-9,Pat Freiermuth,PIT,TE,9,175,103,0,0,0,0,0,0,51,534,4
-9,Tyjae Spears,TEN,RB,9,176,99,0,0,0,92,388,2,35,248,1
-9,Denzel Boston,CLE,WR,11,177,119,0,0,0,2,14,0,55,663,4
-9,Rashid Shaheed,SEA,WR,11,178,119,0,0,0,8,44,0,43,633,4
-10,Cade Otton,TB,TE,10,179,100,0,0,0,0,0,0,56,540,3
-11,Jalen Nailor,LV,WR,13,180,116,0,0,0,3,21,0,50,650,4
-11,Malik Willis,MIA,QB,6,181,257,2712,16,9,110,633,5,0,0,0
-12,Zane Gonzalez,MIA,K,6,182,66,0,0,0,0,0,0,0,0,0
-12,Chig Okonkwo,WAS,TE,7,183,96,0,0,0,0,0,0,53,514,3
-13,Gunnar Helm,TEN,TE,9,184,94,0,0,0,0,0,0,52,503,3
-13,Daniel Carlson,FA,K,,185,60,0,0,0,0,0,0,0,0,0
-13,Keaton Mitchell,LAC,RB,7,186,90,0,0,0,88,435,3,18,134,1
-14,Riley Patterson,MIA,K,6,187,56,0,0,0,0,0,0,0,0,0
-15,Jauan Jennings,MIN,WR,6,188,108,0,0,0,0,0,0,48,601,4
-16,Brandon Aiyuk,SF,WR,8,189,106,0,0,0,1,7,0,45,591,4
-16,Deebo Samuel,FA,WR,,190,105,0,0,0,13,67,1,42,472,4
-17,Ben Sauls,NYG,K,8,191,42,0,0,0,0,0,0,0,0,0
-17,Brandon McManus,FA,K,,192,38,0,0,0,0,0,0,0,0,0
-18,Mike Gesicki,CIN,TE,6,193,84,0,0,0,0,0,0,42,449,3
-18,Dylan Sampson,CLE,RB,11,194,79,0,0,0,78,321,2,23,176,1
-19,Drew Stevens,WAS,K,7,195,30,0,0,0,0,0,0,0,0,0
-19,Matt Prater,FA,K,,196,30,0,0,0,0,0,0,0,0,0
-19,Graham Gano,FA,K,,197,30,0,0,0,0,0,0,0,0,0
-19,Michael Badgley,FA,K,,198,30,0,0,0,0,0,0,0,0,0
-19,Younghoe Koo,FA,K,,199,30,0,0,0,0,0,0,0,0,0
-19,Jalen McMillan,TB,WR,10,200,98,0,0,0,5,30,0,40,514,4
-20,Jerry Jeudy,CLE,WR,11,201,98,0,0,0,1,5,0,43,581,3
-20,Tyreek Hill,FA,WR,,202,98,0,0,0,1,6,0,41,528,4
-20,Woody Marks,HOU,RB,8,203,76,0,0,0,86,351,2,19,137,1
-20,C.J. Stroud,HOU,QB,8,204,238,3405,20,12,54,220,2,0,0,0
-21,Cade York,NYJ,K,13,205,21,0,0,0,0,0,0,0,0,0
-22,Malik Washington,MIA,WR,6,206,94,0,0,0,22,121,0,37,396,2
-22,Daniel Jones,IND,QB,13,207,236,3388,20,11,48,190,2,0,0,0
-22,Ryan Flournoy,DAL,WR,14,208,94,0,0,0,2,12,0,45,523,3
-22,Tre' Harris,LAC,WR,7,209,93,0,0,0,1,6,0,39,493,4
-22,De'Zhaun Stribling,SF,WR,8,210,93,0,0,0,0,0,0,42,541,3
-22,Cam Ward,TEN,QB,9,211,234,3516,19,13,46,182,2,0,0,0
-23,Zach Charbonnet,SEA,RB,11,212,71,0,0,0,77,311,3,13,92,1
-23,Tre Tucker,LV,WR,13,213,92,0,0,0,6,32,0,40,506,3
-23,Tyler Allgeier,ARI,RB,14,214,70,0,0,0,100,421,3,8,57,0
-23,Lenny Krieg,FA,K,,215,8,0,0,0,0,0,0,0,0,0
-23,Will Ferrin,FA,K,,216,8,0,0,0,0,0,0,0,0,0
-24,Darnell Washington,PIT,TE,9,217,71,0,0,0,0,0,0,35,359,3
-24,Geno Smith,NYJ,QB,13,218,230,3372,22,14,45,156,1,0,0,0
-24,Isaac TeSlaa,DET,WR,6,219,89,0,0,0,2,11,0,33,473,4
-24,Tory Horton,SEA,WR,11,220,89,0,0,0,1,10,0,34,468,4
-25,Zachariah Branch,ATL,WR,11,221,88,0,0,0,0,0,0,37,456,3
-25,Bryce Young,CAR,QB,5,222,229,3079,20,11,52,251,2,0,0,0
-25,Anders Carlson,FA,K,,223,0,0,0,0,0,0,0,0,0,0
-25,John Parker Romo,FA,K,,224,0,0,0,0,0,0,0,0,0,0
-25,Caden Davis,FA,K,,225,0,0,0,0,0,0,0,0,0,0
-25,Spencer Shrader,IND,K,13,226,0,0,0,0,0,0,0,0,0,0
-25,Brayden Narveson,FA,K,,227,0,0,0,0,0,0,0,0,0,0
-25,Joshua Karty,FA,K,,228,0,0,0,0,0,0,0,0,0,0
-25,Austin Seibert,FA,K,,229,0,0,0,0,0,0,0,0,0,0
-25,Matthew Wright,FA,K,,230,0,0,0,0,0,0,0,0,0,0
-25,Greg Zuerlein,FA,K,,231,0,0,0,0,0,0,0,0,0,0
-25,Justin Tucker,FA,K,,232,0,0,0,0,0,0,0,0,0,0
-25,Greg Joseph,FA,K,,233,0,0,0,0,0,0,0,0,0,0
-25,Darren Waller,FA,TE,,234,70,0,0,0,0,0,0,32,356,3
-26,Colby Parkinson,LAR,TE,11,235,67,0,0,0,0,0,0,33,327,3
-26,Brian Robinson,ATL,RB,11,236,63,0,0,0,87,358,2,13,91,0
-27,Eli Stowers,PHI,TE,10,237,66,0,0,0,2,5,0,31,319,3
-27,Ted Hurst,TB,WR,10,238,83,0,0,0,2,14,0,38,448,3
-27,Emmett Johnson,KC,RB,5,239,61,0,0,0,67,286,2,12,86,1
-27,David Njoku,LAC,TE,7,240,64,0,0,0,0,0,0,31,307,3
-28,Terrance Ferguson,LAR,TE,11,241,63,0,0,0,0,0,0,28,314,3
-28,Nicholas Singleton,TEN,RB,9,242,60,0,0,0,65,270,2,12,87,1
-28,Germie Bernard,PIT,WR,9,243,81,0,0,0,2,10,0,36,439,3
-28,Tank Dell,HOU,WR,8,244,81,0,0,0,4,24,0,33,439,3
-28,Dawson Knox,BUF,TE,7,245,62,0,0,0,0,0,0,28,304,3
-29,Antonio Williams,WAS,WR,7,246,80,0,0,0,2,16,0,35,424,3
-29,Theo Johnson,NYG,TE,8,247,62,0,0,0,0,0,0,31,340,2
-29,Kayshon Boutte,NE,WR,11,248,79,0,0,0,0,0,0,31,456,3
-29,Travis Hunter,JAX,WR,7,249,79,0,0,0,4,21,0,35,415,3
-29,Pat Bryant,DEN,WR,10,250,79,0,0,0,2,9,0,35,425,3
-29,Mike Washington,LV,RB,13,251,58,0,0,0,66,281,2,9,69,1
-29,Mason Taylor,NYJ,TE,13,252,61,0,0,0,0,0,0,33,323,2
-29,Chimere Dike,TEN,WR,9,253,78,0,0,0,6,30,0,38,384,2
-29,Jonah Coleman,DEN,RB,10,254,57,0,0,0,65,276,2,9,68,1
-30,James Conner,ARI,RB,14,255,56,0,0,0,56,232,2,12,86,1
-30,Michael Mayer,LV,TE,13,256,59,0,0,0,0,0,0,31,316,2
-30,Tank Bigsby,PHI,RB,10,257,55,0,0,0,78,336,2,8,56,0
-30,Skyler Bell,BUF,WR,7,258,76,0,0,0,1,7,0,32,415,3
-30,Keenan Allen,FA,WR,,259,76,0,0,0,0,0,0,38,390,3
-31,Elijah Arroyo,SEA,TE,11,260,58,0,0,0,0,0,0,29,312,2
-31,Jordan James,SF,RB,8,261,54,0,0,0,68,287,2,11,80,0
-31,Andrei Iosivas,CIN,WR,6,262,75,0,0,0,2,10,0,32,403,3
-31,Chris Brooks,GB,RB,11,263,54,0,0,0,56,225,2,16,111,0
-31,Ray Davis,BUF,RB,7,264,54,0,0,0,71,304,2,9,66,0
-31,Fernando Mendoza,LV,QB,13,265,216,2894,19,11,53,234,2,0,0,0
-31,Chris Bell,MIA,WR,6,266,75,0,0,0,1,4,0,33,398,3
-31,Devaughn Vele,NO,WR,8,267,75,0,0,0,1,8,0,33,392,3
-31,Ja'Kobi Lane,BAL,WR,13,268,74,0,0,0,1,5,0,32,396,3
-32,Jake Tonges,SF,TE,8,269,56,0,0,0,0,0,0,30,288,2
-32,Jaylin Noel,HOU,WR,8,270,73,0,0,0,7,37,0,31,362,2
-32,Elijah Sarratt,BAL,WR,13,271,73,0,0,0,1,5,0,32,386,3
-32,Evan Engram,DEN,TE,10,272,55,0,0,0,0,0,0,31,277,2
-32,Darius Slayton,NYG,WR,8,273,73,0,0,0,0,0,0,28,406,3
-32,Emanuel Wilson,SEA,RB,11,274,51,0,0,0,61,249,2,11,86,0
-32,Isiah Pacheco,DET,RB,6,275,51,0,0,0,67,263,2,10,73,0
-32,Cole Kmet,CHI,TE,10,276,54,0,0,0,0,0,0,28,281,2
-32,Sean Tucker,TB,RB,10,277,51,0,0,0,66,288,2,8,57,0
-32,Jack Bech,LV,WR,13,278,72,0,0,0,1,10,0,35,412,2
-33,Chris Brazzell,CAR,WR,5,279,71,0,0,0,2,8,0,28,380,3
-33,Troy Franklin,DEN,WR,10,280,71,0,0,0,3,17,0,30,359,3
-33,Cooper Kupp,SEA,WR,11,281,70,0,0,0,0,0,0,32,364,3
-33,Rashod Bateman,BAL,WR,13,282,70,0,0,0,0,0,0,28,381,3
-33,Braelon Allen,NYJ,RB,13,283,49,0,0,0,60,245,2,10,73,0
-34,KaVontae Turpin,DAL,WR,14,284,69,0,0,0,14,77,1,21,268,2
-34,Najee Harris,FA,RB,,285,48,0,0,0,60,234,2,10,71,0
-34,Ty Johnson,BUF,RB,7,286,47,0,0,0,32,137,1,17,131,1
-34,LeQuint Allen,JAX,RB,7,287,47,0,0,0,33,135,1,18,127,1
-34,Greg Dulcich,MIA,TE,6,288,51,0,0,0,0,0,0,26,255,2
-34,Malachi Fields,NYG,WR,8,289,68,0,0,0,1,5,0,28,351,3
-35,Jonnu Smith,FA,TE,,290,49,0,0,0,4,16,0,25,231,2
-35,Will Kacmarek,MIA,TE,6,291,49,0,0,0,0,0,0,25,246,2
-35,Justice Hill,BAL,RB,13,292,45,0,0,0,25,107,1,18,133,1
-36,Kaytron Allen,WAS,RB,7,293,44,0,0,0,53,220,2,8,59,0
-36,Noah Gray,KC,TE,5,294,47,0,0,0,0,0,0,24,231,2
-36,Marvin Mims,DEN,WR,10,295,64,0,0,0,6,36,0,27,293,2
-36,Justin Joly,DEN,TE,10,296,47,0,0,0,0,0,0,23,230,2
-36,Alvin Kamara,NO,RB,8,297,43,0,0,0,42,172,1,11,82,1
-36,Joe Royer,CLE,TE,11,298,46,0,0,0,0,0,0,23,228,2
-36,Calvin Ridley,TEN,WR,9,299,64,0,0,0,1,6,0,27,377,2
-37,Max Klare,LAR,TE,11,300,45,0,0,0,0,0,0,22,221,2
-37,Jaydon Blue,DAL,RB,14,301,41,0,0,0,50,210,2,7,49,0
-37,Jaylen Wright,MIA,RB,6,302,41,0,0,0,53,223,2,6,38,0
-38,Olamide Zaccheaus,ATL,WR,11,303,61,0,0,0,2,12,0,30,326,2
-38,Christian Kirk,SF,WR,8,304,61,0,0,0,2,14,0,29,328,2
-38,Jack Endries,CIN,TE,6,305,43,0,0,0,0,0,0,21,203,2
-38,Kaelon Black,SF,RB,8,306,39,0,0,0,49,200,2,6,43,0
-39,Jaylin Lane,WAS,WR,7,307,59,0,0,0,4,23,0,23,272,2
-39,Isaiah Davis,NYJ,RB,13,308,36,0,0,0,45,189,1,9,68,0
-39,Dontayvion Wicks,PHI,WR,10,309,57,0,0,0,1,8,0,26,316,2
-39,Kendrick Bourne,ARI,WR,14,310,57,0,0,0,0,0,0,28,313,2
-41,Theo Wease,MIA,WR,6,311,55,0,0,0,0,0,0,25,306,2
-41,Hollywood Brown,PHI,WR,10,312,55,0,0,0,0,0,0,25,305,2
-41,Jerome Ford,WAS,RB,7,313,33,0,0,0,30,124,1,12,88,0
-41,Rasheen Ali,BAL,RB,13,314,33,0,0,0,29,120,1,12,87,0
-41,Kimani Vidal,LAC,RB,7,315,32,0,0,0,38,155,1,9,62,0
-42,Tyquan Thornton,KC,WR,5,316,53,0,0,0,0,0,0,20,306,2
-42,Jahan Dotson,ATL,WR,11,317,52,0,0,0,2,14,0,23,275,2
-42,Adonai Mitchell,NYJ,WR,13,318,52,0,0,0,1,7,0,22,285,2
-42,Devin Neal,NO,RB,8,319,30,0,0,0,39,160,1,7,49,0
-43,Kaleb Johnson,PIT,RB,9,320,30,0,0,0,42,174,1,5,36,0
-43,Elijah Higgins,ARI,TE,14,321,33,0,0,0,0,0,0,18,179,1
-43,Seth McGowan,IND,RB,13,322,29,0,0,0,38,160,1,6,43,0
-43,Samaje Perine,CIN,RB,6,323,29,0,0,0,33,132,1,8,60,0
-43,Will Shipley,PHI,RB,10,324,29,0,0,0,25,105,1,10,73,0
-43,Emari Demercado,KC,RB,5,325,29,0,0,0,25,104,1,10,72,0
-43,Luke Musgrave,GB,TE,11,326,32,0,0,0,0,0,0,17,176,1
-43,Trevor Etienne,CAR,RB,5,327,29,0,0,0,40,164,1,5,37,0
-43,Austin Ekeler,FA,RB,,328,29,0,0,0,28,118,1,9,63,0
-43,J'Mari Taylor,JAX,RB,7,329,28,0,0,0,38,160,1,5,37,0
-43,Mack Hollins,NE,WR,11,330,49,0,0,0,1,6,0,21,263,2
-43,Daniel Bellinger,TEN,TE,9,331,32,0,0,0,0,0,0,17,171,1
-43,DeMario Douglas,NE,WR,11,332,49,0,0,0,3,23,0,20,250,2
-43,Demond Claiborne,MIN,RB,6,333,28,0,0,0,25,120,1,8,58,0
-43,Josh Cameron,JAX,WR,7,334,49,0,0,0,4,22,0,21,244,2
-43,Darnell Mooney,NYG,WR,8,335,49,0,0,0,1,3,0,19,273,2
-44,Trey Benson,ARI,RB,14,336,28,0,0,0,30,120,1,3,22,1
-44,Oscar Delp,NO,TE,8,337,31,0,0,0,0,0,0,17,164,1
-44,Malik Davis,DAL,RB,14,338,27,0,0,0,38,155,1,5,34,0
-44,DJ Giddens,IND,RB,13,339,27,0,0,0,33,137,1,6,43,0
-44,Charlie Kolar,LAC,TE,7,340,30,0,0,0,1,2,0,16,162,1
-44,Adam Randall,BAL,RB,13,341,26,0,0,0,25,103,1,8,58,0
-44,Zavion Thomas,CHI,WR,10,342,47,0,0,0,0,0,0,20,252,2
-44,Ja'Tavion Sanders,CAR,TE,5,343,29,0,0,0,0,0,0,17,148,1
-45,Noah Fant,NO,TE,8,344,29,0,0,0,0,0,0,15,156,1
-45,Nick Chubb,FA,RB,,345,25,0,0,0,35,138,1,5,31,0
-45,Joe Mixon,FA,RB,,346,25,0,0,0,35,138,1,5,31,0
-45,Elic Ayomanor,TEN,WR,9,347,47,0,0,0,0,0,0,20,247,2
-45,Zach Ertz,FA,TE,,348,29,0,0,0,0,0,0,16,147,1
-45,Jawhar Jordan,HOU,RB,8,349,25,0,0,0,31,127,1,5,33,0
-45,Jonathon Brooks,CAR,RB,5,350,24,0,0,0,32,131,1,4,32,0
-46,Michael Trigg,DAL,TE,14,351,27,0,0,0,0,0,0,14,138,1
-46,Desmond Reid,FA,RB,,352,23,0,0,0,29,122,1,4,31,0
-46,George Holani,SEA,RB,11,353,23,0,0,0,30,123,1,4,29,0
-46,Sam Roush,CHI,TE,10,354,27,0,0,0,0,0,0,14,135,1
-46,Tahj Brooks,CIN,RB,6,355,23,0,0,0,33,132,1,3,22,0
-46,Cade Stover,HOU,TE,8,356,26,0,0,0,2,2,0,14,130,1
-46,Austin Hooper,ATL,TE,11,357,26,0,0,0,0,0,0,14,132,1
-46,Kareem Hunt,FA,RB,,358,23,0,0,0,35,130,1,3,22,0
-46,Eli Raridon,NE,TE,11,359,26,0,0,0,0,0,0,14,130,1
-46,Tyler Higbee,LAR,TE,11,360,26,0,0,0,0,0,0,14,129,1
-46,Tanner Koziol,JAX,TE,7,361,26,0,0,0,0,0,0,14,128,1
-46,MarShawn Lloyd,GB,RB,11,362,22,0,0,0,30,125,1,3,21,0
-46,Mitchell Evans,CAR,TE,5,363,25,0,0,0,0,0,0,13,129,1
-46,Jackson Hawes,BUF,TE,7,364,25,0,0,0,0,0,0,13,129,1
-46,Matthew Hibner,BAL,TE,13,365,25,0,0,0,0,0,0,13,128,1
-46,Tommy Tremble,CAR,TE,5,366,25,0,0,0,0,0,0,13,128,1
-46,John Bates,WAS,TE,7,367,25,0,0,0,0,0,0,13,128,1
-46,Ollie Gordon,MIA,RB,6,368,22,0,0,0,30,120,1,3,22,0
-46,Drew Sample,CIN,TE,6,369,25,0,0,0,0,0,0,13,126,1
-46,Miles Kitselman,DET,TE,6,370,25,0,0,0,0,0,0,13,126,1
-46,Lawson Luckie,FA,TE,,371,25,0,0,0,0,0,0,13,126,1
-46,Lance Mason,SEA,TE,11,372,25,0,0,0,0,0,0,13,126,1
-46,Jaren Kanak,TEN,TE,9,373,25,0,0,0,0,0,0,13,126,1
-47,Josh Oliver,MIN,TE,6,374,25,0,0,0,0,0,0,13,124,1
-47,Ben Sinnott,WAS,TE,7,375,25,0,0,0,0,0,0,13,124,1
-47,Luke Schoonmaker,DAL,TE,14,376,25,0,0,0,0,0,0,13,124,1
-47,Audric Estime,NO,RB,8,377,21,0,0,0,30,119,1,3,17,0
-47,Dameon Pierce,PHI,RB,10,378,20,0,0,0,25,106,1,3,22,0
-47,Isaac Guerendo,SF,RB,8,379,20,0,0,0,28,116,1,2,16,0
-47,Marlin Klein,HOU,TE,8,380,24,0,0,0,0,0,0,12,115,1
-47,Brevyn Spann-Ford,DAL,TE,14,381,23,0,0,0,0,0,0,12,114,1
-48,John Michael Gyllenborg,KC,TE,5,382,23,0,0,0,0,0,0,11,114,1
-48,Jam Miller,NE,RB,11,383,19,0,0,0,22,92,1,3,22,0
-48,Josh Cuevas,BAL,TE,13,384,22,0,0,0,0,0,0,11,108,1
-48,Adam Trautman,DEN,TE,10,385,22,0,0,0,0,0,0,11,108,1
-48,Nate Boerkircher,JAX,TE,7,386,22,0,0,0,0,0,0,11,104,1
-48,Brock Wright,DET,TE,6,387,22,0,0,0,0,0,0,11,103,1
-48,Will Dissly,FA,TE,,388,22,0,0,0,0,0,0,11,100,1
-48,Brashard Smith,KC,RB,5,389,18,0,0,0,16,67,1,4,32,0
-49,Grant Calcaterra,PHI,TE,10,390,21,0,0,0,0,0,0,10,96,1
-49,Aaron Rodgers,PIT,QB,9,391,179,2700,18,7,21,60,0,0,0,0
-50,Kyle Juszczyk,SF,RB,8,392,14,0,0,0,3,9,0,11,80,0
-50,Calvin Austin,NYG,WR,8,393,35,0,0,0,2,13,0,16,201,1
-51,Konata Mumpfield,LAR,WR,11,394,34,0,0,0,0,0,0,16,197,1
-51,Isaiah Williams,NYJ,WR,13,395,33,0,0,0,3,18,0,12,135,1
-51,Jalen Royals,KC,WR,5,396,33,0,0,0,1,8,0,16,179,1
-52,Xavier Legette,CAR,WR,5,397,32,0,0,0,1,6,0,15,180,1
-52,Brenen Thompson,LAC,WR,7,398,32,0,0,0,0,0,0,14,190,1
-52,CJ Daniels,LAR,WR,11,399,32,0,0,0,1,6,0,15,177,1
-52,Keon Coleman,BUF,WR,7,400,32,0,0,0,1,6,0,14,182,1
-52,Xavier Hutchinson,HOU,WR,8,401,32,0,0,0,0,0,0,15,181,1
-52,Tez Johnson,TB,WR,10,402,31,0,0,0,2,10,0,14,174,1
-52,Raheem Mostert,FA,RB,,403,10,0,0,0,10,42,0,5,33,0
-52,Bryce Lance,NO,WR,8,404,31,0,0,0,0,0,0,15,177,1
-52,Devin Singletary,NYG,RB,8,405,10,0,0,0,10,41,0,5,32,0
-52,Jaydn Ott,KC,RB,5,406,10,0,0,0,15,63,0,3,19,0
-52,Barion Brown,NO,WR,8,407,31,0,0,0,0,0,0,10,136,1
-53,Connor Heyward,LV,TE,13,408,13,0,0,0,7,14,1,4,33,0
-53,Zavier Scott,MIN,RB,6,409,9,0,0,0,10,42,0,4,29,0
-53,Ty Chandler,NO,RB,8,410,9,0,0,0,5,21,0,6,39,0
-53,Cyrus Allen,KC,WR,5,411,30,0,0,0,0,0,0,14,172,1
-53,John Metchie,CAR,WR,5,412,30,0,0,0,1,6,0,15,159,1
-53,Jarquez Hunter,LAR,RB,11,413,9,0,0,0,15,63,0,2,13,0
-53,Jamal Haynes,CIN,RB,6,414,9,0,0,0,15,63,0,2,13,0
-53,Chip Trayanum,NYJ,RB,13,415,9,0,0,0,15,63,0,2,13,0
-53,Eric Singleton,FA,WR,,416,30,0,0,0,0,0,0,14,167,1
-53,Elijah Mitchell,PHI,RB,10,417,8,0,0,0,14,59,0,2,14,0
-53,Isaiah Bond,CLE,WR,11,418,29,0,0,0,2,11,0,13,158,1
-53,Tip Reiman,ARI,TE,14,419,11,0,0,0,0,0,0,8,74,0
-53,Mo Alie-Cox,IND,TE,13,420,11,0,0,0,0,0,0,8,74,0
-53,Jeremy McNichols,WAS,RB,7,421,8,0,0,0,10,42,0,3,22,0
-53,KeAndre Lambert-Smith,LAC,WR,7,422,29,0,0,0,1,6,0,13,159,1
-53,Treylon Burks,WAS,WR,7,423,29,0,0,0,3,16,0,12,152,1
-53,Dean Connors,LAR,RB,11,424,7,0,0,0,11,46,0,2,18,0
-54,Tutu Atwell,MIA,WR,6,425,28,0,0,0,2,12,0,11,155,1
-54,Michael Carter,TEN,RB,9,426,7,0,0,0,7,29,0,3,22,0
-54,Pierre Strong,GB,RB,11,427,7,0,0,0,10,41,0,2,14,0
-54,Hunter Luepke,DAL,RB,14,428,7,0,0,0,2,7,0,5,33,0
-54,Jaleel McLaughlin,DEN,RB,10,429,7,0,0,0,10,40,0,2,15,0
-54,Damien Martinez,GB,RB,11,430,7,0,0,0,10,41,0,2,14,0
-54,Tyler Badie,DEN,RB,10,431,6,0,0,0,4,16,0,4,28,0
-54,Jalen Tolbert,MIA,WR,6,432,28,0,0,0,0,0,0,13,152,1
-54,Van Jefferson,WAS,WR,7,433,27,0,0,0,0,0,0,12,152,1
-54,Phil Mafah,DAL,RB,14,434,6,0,0,0,8,32,0,2,15,0
-54,Ronnie Rivers,LAR,RB,11,435,6,0,0,0,5,21,0,3,20,0
-54,Dare Ogunbowale,FA,RB,,436,6,0,0,0,2,8,0,4,27,0
-54,Joshua Palmer,BUF,WR,7,437,27,0,0,0,0,0,0,12,146,1
-54,Caleb Douglas,MIA,WR,6,438,27,0,0,0,0,0,0,12,145,1
-54,Kevin Coleman,MIA,WR,6,439,26,0,0,0,0,0,0,12,144,1
-55,Kyle Williams,NE,WR,11,440,26,0,0,0,1,4,0,10,148,1
-55,Demarcus Robinson,SF,WR,8,441,26,0,0,0,0,0,0,11,145,1
-55,Julius Chestnut,TEN,RB,9,442,5,0,0,0,5,20,0,2,16,0
-55,Kendre Miller,NO,RB,8,443,5,0,0,0,5,20,0,2,16,0
-55,Kalel Mullings,TEN,RB,9,444,5,0,0,0,5,20,0,2,16,0
-55,Juju Smith-Schuster,NYG,WR,8,445,26,0,0,0,1,6,0,12,130,1
-55,Colbie Young,CIN,WR,6,446,26,0,0,0,0,0,0,11,140,1
-55,Kenny McIntosh,SEA,RB,11,447,4,0,0,0,4,16,0,2,16,0
-55,Kevin Austin,NO,WR,8,448,25,0,0,0,1,5,0,11,134,1
-55,Luke Farrell,SF,TE,8,449,8,0,0,0,0,0,0,5,51,0
-55,Zamir White,FA,RB,,450,4,0,0,0,5,21,0,2,10,0
-55,Dylan Laube,LV,RB,13,451,4,0,0,0,5,21,0,2,10,0
-55,Cam Akers,FA,RB,,452,4,0,0,0,4,16,0,2,15,0
-55,Taysom Hill,FA,TE,,453,8,0,0,0,5,20,0,4,35,0
-55,Durham Smythe,BAL,TE,13,454,7,0,0,0,0,0,0,5,49,0
-55,Efton Chism,NE,WR,11,455,25,0,0,0,1,6,0,12,126,1
-55,Foster Moreau,HOU,TE,8,456,7,0,0,0,0,0,0,5,48,0
-55,Tyler Goodson,ATL,RB,11,457,4,0,0,0,3,13,0,2,15,0
-55,Ameer Abdullah,JAX,RB,7,458,4,0,0,0,3,13,0,2,15,0
-55,Raheim Sanders,CLE,RB,11,459,4,0,0,0,5,20,0,2,7,0
-55,Riley Nowakowski,PIT,TE,9,460,7,0,0,0,0,0,0,5,46,0
-55,Craig Reynolds,FA,RB,,461,3,0,0,0,2,8,0,2,16,0
-55,Aaron Anderson,CLE,WR,11,462,25,0,0,0,0,0,0,11,132,1
-55,Jacoby Brissett,ARI,QB,14,463,166,2400,15,7,35,110,1,0,0,0
-55,Jeremy Ruckert,NYJ,TE,13,464,7,0,0,0,0,0,0,5,43,0
-55,Jacardia Wright,SEA,RB,11,465,3,0,0,0,2,8,0,2,15,0
-55,Eric McAlister,FA,WR,,466,25,0,0,0,0,0,0,11,131,1
-55,Dont'e Thornton,LV,WR,13,467,24,0,0,0,0,0,0,10,134,1
-56,Sione Vaki,DET,RB,6,468,3,0,0,0,1,4,0,2,16,0
-56,Antonio Gibson,FA,RB,,469,3,0,0,0,1,4,0,2,15,0
-56,Tyrell Shavers,BUF,WR,7,470,24,0,0,0,1,6,0,10,126,1
-56,Tai Felton,MIN,WR,6,471,24,0,0,0,1,6,0,10,126,1
-56,Max Bredeson,MIN,RB,6,472,3,0,0,0,1,3,0,2,15,0
-56,Eric Rivers,TB,WR,10,473,24,0,0,0,0,0,0,11,124,1
-56,Lucas Krull,DEN,TE,10,474,6,0,0,0,0,0,0,4,41,0
-56,Payne Durham,TB,TE,10,475,6,0,0,0,0,0,0,4,41,0
-56,Brandin Cooks,FA,WR,,476,24,0,0,0,0,0,0,10,128,1
-56,Seydou Traore,MIA,TE,6,477,6,0,0,0,0,0,0,4,40,0
-56,Charlie Woerner,ATL,TE,11,478,6,0,0,0,0,0,0,4,40,0
-56,QuintIn Morris,JAX,TE,7,479,6,0,0,0,0,0,0,4,40,0
-56,Donovan Edwards,MIA,RB,6,480,2,0,0,0,5,21,0,0,0,0
-56,Dallin Holker,FA,TE,,481,6,0,0,0,0,0,0,4,35,0
-56,Tucker Fisk,FA,TE,,482,6,0,0,0,0,0,0,4,35,0
-56,Jack Stoll,CLE,TE,11,483,6,0,0,0,0,0,0,4,35,0
-56,Kalif Raymond,CHI,WR,10,484,23,0,0,0,2,11,0,9,116,1
-56,Devin Culp,TB,TE,10,485,5,0,0,0,0,0,0,4,33,0
-56,Brett Norfleet,FA,TE,,486,5,0,0,0,0,0,0,4,33,0
-56,Shamar Easter,FA,TE,,487,5,0,0,0,0,0,0,4,33,0
-56,Jack Velling,ATL,TE,11,488,5,0,0,0,0,0,0,4,33,0
-56,Odell Beckham,NYG,WR,8,489,23,0,0,0,0,0,0,10,120,1
-56,Marquez Valdes-Scantling,DAL,WR,14,490,23,0,0,0,1,6,0,8,123,1
-56,Jimmy Horn,CAR,WR,5,491,23,0,0,0,3,16,0,9,108,1
-56,Tyler Lockett,FA,WR,,492,23,0,0,0,0,0,0,11,113,1
-56,Greg Dortch,DET,WR,6,493,23,0,0,0,3,16,0,10,101,1
-56,Deion Burks,IND,WR,13,494,23,0,0,0,0,2,0,10,114,1
-56,Josh Whyle,GB,TE,11,495,5,0,0,0,0,0,0,3,32,0
-56,David Sills,TB,WR,10,496,22,0,0,0,1,6,0,9,113,1
-56,Roman Wilson,PIT,WR,9,497,22,0,0,0,0,0,0,9,118,1
-57,Davis Allen,LAR,TE,11,498,4,0,0,0,0,0,0,3,29,0
-57,Nick Westbrook-Ikhine,IND,WR,13,499,22,0,0,0,0,0,0,9,117,1
-57,Tanner Hudson,CIN,TE,6,500,4,0,0,0,0,0,0,3,28,0
-57,Clyde Edwards-Helaire,FA,RB,,501,1,0,0,0,2,8,0,0,0,0
-57,Jermaine Burton,FA,WR,,502,22,0,0,0,1,6,0,8,114,1
-57,Eric Saubert,SEA,TE,11,503,4,0,0,0,0,0,0,3,27,0
-57,Nate Adkins,DEN,TE,10,504,4,0,0,0,0,0,0,3,27,0
-57,Stone Smartt,PHI,TE,10,505,4,0,0,0,0,0,0,3,27,0
-57,Julian Hill,NE,TE,11,506,4,0,0,0,0,0,0,3,26,0
-57,Brevin Jordan,HOU,TE,8,507,4,0,0,0,0,0,0,4,21,0
-57,Drew Ogletree,IND,TE,13,508,4,0,0,0,0,0,0,3,24,0
-57,Jahdae Walker,CHI,WR,10,509,21,0,0,0,0,0,0,9,109,1
-57,Raleek Brown,FA,RB,,510,0,0,0,0,0,0,0,0,0,0
-57,Noah Whittington,HOU,RB,8,511,0,0,0,0,0,0,0,0,0,0
-57,Terion Stewart,FA,RB,,512,0,0,0,0,0,0,0,0,0,0
-57,Rahsul Faison,FA,RB,,513,0,0,0,0,0,0,0,0,0,0
-57,Hassan Haskins,FA,RB,,514,0,0,0,0,0,0,0,0,0,0
-57,Eric Gray,NYG,RB,8,515,0,0,0,0,0,0,0,0,0,0
-57,Jase McClellan,FA,RB,,516,0,0,0,0,0,0,0,0,0,0
-57,Roschon Johnson,CHI,RB,10,517,0,0,0,0,0,0,0,0,0,0
-57,Corey Kiner,ARI,RB,14,518,0,0,0,0,0,0,0,0,0,0
-57,Khalil Herbert,FA,RB,,519,0,0,0,0,0,0,0,0,0,0
-57,Avery Williams,FA,RB,,520,0,0,0,0,0,0,0,0,0,0
-57,Caleb Huntley,FA,RB,,521,0,0,0,0,0,0,0,0,0,0
-57,Kene Nwangwu,NYJ,RB,13,522,0,0,0,0,0,0,0,0,0,0
-57,JaMycal Hasty,FA,RB,,523,0,0,0,0,0,0,0,0,0,0
-57,DeeJay Dallas,JAX,RB,7,524,0,0,0,0,0,0,0,0,0,0
-57,AJ Dillon,CAR,RB,5,525,0,0,0,0,0,0,0,0,0,0
-57,Alec Inglod,LAC,RB,7,526,0,0,0,0,0,0,0,0,0,0
-57,Patrick Ricard,NYG,RB,8,527,0,0,0,0,0,0,0,0,0,0
-57,Alexander Mattison,FA,RB,,528,0,0,0,0,0,0,0,0,0,0
-57,Travis Homer,PIT,RB,9,529,0,0,0,0,0,0,0,0,0,0
-57,D'Ernest Johnson,FA,RB,,530,0,0,0,0,0,0,0,0,0,0
-57,Blake Whiteheart,CLE,TE,11,531,3,0,0,0,0,0,0,2,24,0
-57,Cameron Latu,PHI,TE,10,532,3,0,0,0,0,0,0,2,20,0
-57,Benjamin Yurosek,MIN,TE,6,533,3,0,0,0,0,0,0,2,20,0
-57,Ian Thomas,LV,TE,13,534,3,0,0,0,0,0,0,2,20,0
-57,Harrison Bryant,SEA,TE,11,535,3,0,0,0,0,0,0,2,20,0
-57,Kylen Granson,TEN,TE,9,536,3,0,0,0,0,0,0,2,20,0
-57,Xavier Smith,LAR,WR,11,537,21,0,0,0,3,16,0,7,95,1
-58,Lil'Jordan Humphrey,DEN,WR,10,538,20,0,0,0,0,0,0,8,100,1
-58,Shane Zylstra,BUF,TE,7,539,2,0,0,0,0,0,0,1,13,0
-58,Chris Manhertz,NYG,TE,8,540,2,0,0,0,0,0,0,1,13,0
-58,Ko Kieft,TB,TE,10,541,2,0,0,0,0,0,0,1,13,0
-58,Jordan Whittington,LAR,WR,11,542,19,0,0,0,1,6,0,8,87,1
-58,Robert Tonyan,PIT,TE,9,543,1,0,0,0,0,0,0,1,9,0
-58,Feleipe Franks,CAR,TE,5,544,1,0,0,0,1,2,0,1,7,0
-58,Tyler Conklin,DET,TE,6,545,1,0,0,0,0,0,0,1,7,0
-58,Noah Brown,FA,WR,,546,18,0,0,0,0,0,0,7,88,1
-59,Pharaoh Brown,FA,TE,,547,0,0,0,0,0,0,0,0,0,0
-59,Johnny Mundt,PHI,TE,10,548,0,0,0,0,0,0,0,0,0,0
-59,Nick Vannett,FA,TE,,549,0,0,0,0,0,0,0,0,0,0
-59,Kenny Yeboah,ARI,TE,14,550,0,0,0,0,0,0,0,0,0,0
-59,Josiah Deguara,FA,TE,,551,0,0,0,0,0,0,0,0,0,0
-59,Jelani Woods,NYJ,TE,13,552,0,0,0,0,0,0,0,0,0,0
-59,Jody Fortson,FA,TE,,553,0,0,0,0,0,0,0,0,0,0
-59,Jake Briningstool,KC,TE,5,554,0,0,0,0,0,0,0,0,0,0
-59,Bryson Nesbit,MIN,TE,6,555,0,0,0,0,0,0,0,0,0,0
-59,Will Mallory,IND,TE,13,556,0,0,0,0,0,0,0,0,0,0
-59,Bauer Sharp,TB,TE,10,557,0,0,0,0,0,0,0,0,0,0
-59,Carsen Ryan,CLE,TE,11,558,0,0,0,0,0,0,0,0,0,0
-59,Dallen Bentley,DEN,TE,10,559,0,0,0,0,0,0,0,0,0,0
-62,Tim Patrick,NYJ,WR,13,560,11,0,0,0,0,0,0,6,77,0
-62,Savion Williams,GB,WR,11,561,11,0,0,0,4,22,0,5,59,0
-63,Devontez Walker,BAL,WR,13,562,10,0,0,0,1,6,0,5,66,0
-63,Kaden Wetjen,PIT,WR,9,563,9,0,0,0,0,0,0,2,22,0
-64,Bo Melton,GB,WR,11,564,8,0,0,0,1,6,0,4,52,0
-64,Luke McCaffrey,WAS,WR,7,565,7,0,0,0,0,0,0,4,53,0
-64,Isaiah Hodgins,NYG,WR,8,566,7,0,0,0,0,0,0,4,52,0
-64,Derius Davis,LAC,WR,7,567,7,0,0,0,2,11,0,0,0,0
-64,Devin Duvernay,ARI,WR,14,568,7,0,0,0,1,6,0,0,0,0
-64,Cody White,SEA,WR,11,569,7,0,0,0,0,0,0,4,45,0
-64,Myles Price,MIN,WR,6,570,6,0,0,0,0,0,0,0,0,0
-65,Dante Pettis,FA,WR,,571,6,0,0,0,1,6,0,3,37,0
-65,Malachi Corley,CLE,WR,11,572,6,0,0,0,5,28,0,2,20,0
-65,Xavier Weaver,ARI,WR,14,573,6,0,0,0,1,6,0,3,35,0
-65,Arian Smith,NYJ,WR,13,574,6,0,0,0,1,6,0,3,35,0
-65,Darius Cooper,PHI,WR,10,575,5,0,0,0,0,0,0,3,37,0
-65,Chase Roberts,LV,WR,13,576,5,0,0,0,0,0,0,3,36,0
-65,Noah Thomas,CIN,WR,6,577,5,0,0,0,0,0,0,3,36,0
-65,Trebor Pena,JAX,WR,7,578,5,0,0,0,0,0,0,3,36,0
-65,Jaden Greathouse,FA,WR,,579,5,0,0,0,0,0,0,3,36,0
-65,Dane Key,DEN,WR,10,580,5,0,0,0,0,0,0,3,36,0
-65,Reggie Virgil,ARI,WR,14,581,5,0,0,0,0,0,0,3,36,0
-65,Cedric Tillman,CLE,WR,11,582,5,0,0,0,0,0,0,3,36,0
-65,Jalen Brooks,ARI,WR,14,583,5,0,0,0,0,0,0,3,35,0
-65,Josh Reynolds,FA,WR,,584,5,0,0,0,0,0,0,3,35,0
-65,Tyler Johnson,DAL,WR,14,585,5,0,0,0,0,0,0,3,35,0
-65,Allen Lazard,FA,WR,,586,5,0,0,0,0,0,0,3,34,0
-65,Curtis Samuel,FA,WR,,587,4,0,0,0,1,6,0,2,27,0
-65,Dyami Brown,WAS,WR,7,588,4,0,0,0,1,6,0,2,23,0
-65,Dee Eskridge,FA,WR,,589,4,0,0,0,1,6,0,2,23,0
-65,Xavier Restrepo,TEN,WR,9,590,4,0,0,0,1,6,0,2,22,0
-65,Kameron Johnson,TB,WR,10,591,4,0,0,0,0,0,0,2,28,0
-66,Dareke Young,LV,WR,13,592,4,0,0,0,0,0,0,2,26,0
-66,DeAndre Carter,FA,WR,,593,3,0,0,0,2,11,0,1,17,0
-66,Tylan Wallace,CLE,WR,11,594,3,0,0,0,0,0,0,2,22,0
-66,Jake Bobo,SEA,WR,11,595,3,0,0,0,0,0,0,2,22,0
-66,Ricky White,SEA,WR,11,596,3,0,0,0,0,0,0,2,22,0
-66,Chris Moore,FA,WR,,597,3,0,0,0,0,0,0,2,21,0
-66,Trent Sherfield,BUF,WR,7,598,3,0,0,0,0,0,0,2,19,0
-66,Anthony Gould,IND,WR,13,599,3,0,0,0,1,6,0,1,16,0
-66,Skyy Moore,GB,WR,11,600,3,0,0,0,1,6,0,1,14,0
-66,Ashton Dulin,IND,WR,13,601,3,0,0,0,1,6,0,1,14,0
-66,LaJohntay Wester,BAL,WR,13,602,3,0,0,0,1,6,0,1,14,0
-66,DeAndre Hopkins,FA,WR,,603,2,0,0,0,0,0,0,1,15,0
-66,Jordan Watkins,SF,WR,8,604,2,0,0,0,0,0,0,1,14,0
-67,Gage Larvadain,CLE,WR,11,605,1,0,0,0,0,0,0,1,9,0
-67,David Moore,CAR,WR,5,606,1,0,0,0,0,0,0,1,8,0
-67,Jacob Cowing,SF,WR,8,607,1,0,0,0,0,0,0,1,7,0
-67,Nikko Remigio,KC,WR,5,608,1,0,0,0,1,6,0,0,0,0
-67,Sterling Shepard,FA,WR,,609,1,0,0,0,1,6,0,0,0,0
-67,James Proche,FA,WR,,610,1,0,0,0,1,6,0,0,0,0
-67,Ben Skowronek,PIT,WR,9,611,1,0,0,0,1,6,0,0,0,0
-67,David Bell,FA,WR,,612,0,0,0,0,0,0,0,0,0,0
-67,DJ Turner,FA,WR,,613,0,0,0,0,0,0,0,0,0,0
-67,Elijah Moore,PHI,WR,10,614,0,0,0,0,0,0,0,0,0,0
-67,Gabe Davis,FA,WR,,615,0,0,0,0,0,0,0,0,0,0
-67,Gunner Olszewski,NYG,WR,8,616,0,0,0,0,0,0,0,0,0,0
-67,Tom Kennedy,DET,WR,6,617,0,0,0,0,0,0,0,0,0,0
-67,Scotty Miller,CHI,WR,10,618,0,0,0,0,0,0,0,0,0,0
-67,Steven Sims,FA,WR,,619,0,0,0,0,0,0,0,0,0,0
-67,Hunter Renfrow,FA,WR,,620,0,0,0,0,0,0,0,0,0,0
-67,Parris Campbell,DAL,WR,14,621,0,0,0,0,0,0,0,0,0,0
-67,Mecole Hardman,BUF,WR,7,622,0,0,0,0,0,0,0,0,0,0
-67,Zay Jones,FA,WR,,623,0,0,0,0,0,0,0,0,0,0
-67,Adam Thielen,MIN,WR,6,624,0,0,0,0,0,0,0,0,0,0
-67,Amari Cooper,FA,WR,,625,0,0,0,0,0,0,0,0,0,0
-67,Jamal Agnew,FA,WR,,626,0,0,0,0,0,0,0,0,0,0
-67,Diontae Johnson,FA,WR,,627,0,0,0,0,0,0,0,0,0,0
-67,Justin Watson,HOU,WR,8,628,0,0,0,0,0,0,0,0,0,0
-67,Cedrick Wilson,DET,WR,6,629,0,0,0,0,0,0,0,0,0,0
-67,Charlie Jones,CIN,WR,6,630,0,0,0,0,0,0,0,0,0,0
-67,Jalin Hyatt,NYG,WR,8,631,0,0,0,0,0,0,0,0,0,0
-67,Ronnie Bell,NO,WR,8,632,0,0,0,0,0,0,0,0,0,0
-67,Jonathan Mingo,DAL,WR,14,633,0,0,0,0,0,0,0,0,0,0
-67,Johnny Wilson,PHI,WR,10,634,0,0,0,0,0,0,0,0,0,0
-67,Jason Brownlee,KC,WR,5,635,0,0,0,0,0,0,0,0,0,0
-67,Britain Covey,PHI,WR,10,636,0,0,0,0,0,0,0,0,0,0
-67,Bub Means,NO,WR,8,637,0,0,0,0,0,0,0,0,0,0
-67,Brenden Rice,GB,WR,11,638,0,0,0,0,0,0,0,0,0,0
-67,Ja'Lynn Polk,NO,WR,8,639,0,0,0,0,0,0,0,0,0,0
-67,Jamari Thrash,CLE,WR,11,640,0,0,0,0,0,0,0,0,0,0
-67,Ja'Corey Brooks,FA,WR,,641,0,0,0,0,0,0,0,0,0,0
-67,Malik Benson,LV,WR,13,642,0,0,0,0,0,0,0,0,0,0
-67,Emmanuel Henderson,SEA,WR,11,643,0,0,0,0,0,0,0,0,0,0
-67,Kendrick Law,DET,WR,6,644,0,0,0,0,0,0,0,0,0,0
-67,Anthony Smith,DAL,WR,14,645,0,0,0,0,0,0,0,0,0,0
-67,Lewis Bond,HOU,WR,8,646,0,0,0,0,0,0,0,0,0,0
-69,Tua Tagovailoa,ATL,QB,11,647,138,2141,14,8,20,43,0,0,0,0
-82,Michael Penix,ATL,QB,11,648,110,1567,10,5,20,67,1,0,0,0
-84,Deshaun Watson,CLE,QB,11,649,106,1374,8,6,30,131,2,0,0,0
-87,Shedeur Sanders,CLE,QB,11,650,101,1433,7,5,26,88,2,0,0,0
-108,Carson Beck,ARI,QB,14,651,57,778,5,4,12,38,1,0,0,0
-115,Kirk Cousins,LV,QB,13,652,43,639,5,3,5,6,0,0,0,0
-118,Justin Fields,KC,QB,5,653,37,363,2,2,18,102,1,0,0,0
-118,Anthony Richardson,IND,QB,13,654,37,386,2,2,16,91,1,0,0,0
-120,Taylen Green,CLE,QB,11,655,32,335,2,2,15,69,1,0,0,0
-122,Derek Carr,NO,QB,8,656,29,447,3,2,4,13,0,0,0,0
-122,Joe Flacco,CIN,QB,6,657,29,448,3,2,4,8,0,0,0,0
-122,Mac Jones,SF,QB,8,658,29,423,3,2,5,18,0,0,0,0
-122,Gardner Minshew,ARI,QB,14,659,28,394,3,2,6,22,0,0,0,0
-124,Will Howard,PIT,QB,9,660,25,410,2,2,5,21,0,0,0,0
-124,Drew Allar,PIT,QB,9,661,24,398,2,2,5,21,0,0,0,0
-124,Cade Klubnik,NYJ,QB,13,662,24,400,2,2,5,20,0,0,0,0
-127,J.J. McCarthy,MIN,QB,6,663,20,213,1,1,5,21,1,0,0,0
-129,Trey Lance,LAC,QB,7,664,15,183,1,1,8,43,0,0,0,0
-129,Jalen Milroe,SEA,QB,11,665,14,164,1,1,8,43,0,0,0,0
-129,Ty Simpson,LAR,QB,11,666,14,218,1,1,5,19,0,0,0,0
-130,Marcus Mariota,WAS,QB,7,667,13,188,1,1,4,26,0,0,0,0
-130,Tyrod Taylor,GB,QB,11,668,13,205,1,1,4,17,0,0,0,0
-130,Jameis Winston,NYG,QB,8,669,13,214,1,1,3,13,0,0,0,0
-130,Will Levis,TEN,QB,9,670,13,205,1,1,4,15,0,0,0,0
-130,Spencer Rattler,NO,QB,8,671,13,202,1,1,4,16,0,0,0,0
-130,Tyler Huntley,BAL,QB,13,672,13,182,1,1,4,24,0,0,0,0
-130,Diego Pavia,BAL,QB,13,673,13,183,1,1,4,22,0,0,0,0
-130,Tyson Bagent,CHI,QB,10,674,12,195,1,1,4,17,0,0,0,0
-130,Carson Wentz,MIN,QB,6,675,12,221,1,1,2,6,0,0,0,0
-130,Tanner McKee,PHI,QB,10,676,12,198,1,1,4,15,0,0,0,0
-130,Clayton Tune,FA,QB,,677,12,195,1,1,4,16,0,0,0,0
-130,Joe Milton,DAL,QB,14,678,12,195,1,1,4,16,0,0,0,0
-130,Quinn Ewers,MIA,QB,6,679,12,195,1,1,4,16,0,0,0,0
-130,Joshua Dobbs,FA,QB,,680,12,195,1,1,4,16,0,0,0,0
-130,Tommy DeVito,NE,QB,11,681,12,202,1,1,4,13,0,0,0,0
-130,Jimmy Garoppolo,FA,QB,,682,12,218,1,1,2,6,0,0,0,0
-130,Jarrett Stidham,DEN,QB,10,683,12,198,1,1,2,13,0,0,0,0
-130,Nick Mullens,JAX,QB,7,684,12,211,1,1,2,6,0,0,0,0
-130,Davis Mills,HOU,QB,8,685,12,211,1,1,2,6,0,0,0,0
-130,Kyle Allen,BUF,QB,7,686,12,195,1,1,2,12,0,0,0,0
-130,Mitchell Trubisky,TEN,QB,9,687,12,186,1,1,4,15,0,0,0,0
-130,Dillon Gabriel,CLE,QB,11,688,12,189,1,1,2,13,0,0,0,0
-130,Andy Dalton,PHI,QB,10,689,12,208,1,1,2,5,0,0,0,0
-130,Mason Rudolph,PIT,QB,9,690,12,202,1,1,2,6,0,0,0,0
-130,Teddy Bridgewater,DET,QB,6,691,12,202,1,1,2,5,0,0,0,0
-131,Josh Johnson,CIN,QB,6,692,11,176,1,1,2,13,0,0,0,0
-136,Jake Browning,TB,QB,10,693,0,0,0,0,0,0,0,0,0,0
-136,Cooper Rush,FA,QB,,694,0,0,0,0,0,0,0,0,0,0
-136,Sam Howell,DAL,QB,14,695,0,0,0,0,0,0,0,0,0,0
-136,Kenny Pickett,CAR,QB,5,696,0,0,0,0,0,0,0,0,0,0
-136,Zach Wilson,NO,QB,8,697,0,0,0,0,0,0,0,0,0,0
-136,Kyle Trask,FA,QB,,698,0,0,0,0,0,0,0,0,0,0
-136,Drew Lock,SEA,QB,11,699,0,0,0,0,0,0,0,0,0,0
-136,Easton Stick,IND,QB,13,700,0,0,0,0,0,0,0,0,0,0
-136,Brady Cook,NYJ,QB,13,701,0,0,0,0,0,0,0,0,0,0
-136,Kyle McCord,GB,QB,11,702,0,0,0,0,0,0,0,0,0,0
-136,Riley Leonard,IND,QB,13,703,0,0,0,0,0,0,0,0,0,0
-136,Sam Hartman,WAS,QB,7,704,0,0,0,0,0,0,0,0,0,0
-136,Aidan O'Connell,LV,QB,13,705,0,0,0,0,0,0,0,0,0,0
-136,Hendon Hooker,TEN,QB,9,706,0,0,0,0,0,0,0,0,0,0
-136,Stetson Bennett,LAR,QB,11,707,0,0,0,0,0,0,0,0,0,0
-136,Skylar Thompson,BAL,QB,13,708,0,0,0,0,0,0,0,0,0,0
-136,Sawyer Robertson,FA,QB,,709,0,0,0,0,0,0,0,0,0,0
-136,Jalon Daniels,TB,QB,10,710,0,0,0,0,0,0,0,0,0,0
-136,Behren Morton,NE,QB,11,711,0,0,0,0,0,0,0,0,0,0
-136,Luke Altmyer,DET,QB,6,712,0,0,0,0,0,0,0,0,0,0
-136,Cole Payton,PHI,QB,10,713,0,0,0,0,0,0,0,0,0,0
-136,Garrett Nussmeier,KC,QB,5,714,0,0,0,0,0,0,0,0,0,0
-136,Miller Moss,CHI,QB,10,715,0,0,0,0,0,0,0,0,0,0
-136,Max Brosmer,MIN,QB,6,716,0,0,0,0,0,0,0,0,0,0
-136,Athan Kaliakmanis,WAS,QB,7,717,0,0,0,0,0,0,0,0,0,0
-136,Joey Aguilar,JAX,QB,7,718,0,0,0,0,0,0,0,0,0,0