"Rank","Name","Team","Pos","Pos","Avg","Sleeper","ESPN","Yahoo","Underdog"
"[object Object]","Jahmyr Gibbs","DET","RB","RB","1.01","1.02","1.01","1.01","1.01"
"[object Object]","Bijan Robinson","ATL","RB","RB","1.02","1.02","1.02","1.02","1.02"
"[object Object]","Ja'Marr Chase","CIN","WR","WR","1.04","1.04","1.04","1.03","1.03"
"[object Object]","Puka Nacua","LAR","WR","WR","1.05","1.05","1.05","1.05","1.04"
"[object Object]","Christian McCaffrey","SF","RB","RB","1.06","1.05","1.07","1.06","1.06"
"[object Object]","Jaxon Smith-Njigba","SEA","WR","WR","1.06","1.07","1.06","1.07","1.06"
"[object Object]","Jonathan Taylor","IND","RB","RB","1.07","1.07","1.08","1.07","1.08"
"[object Object]","Amon-Ra St. Brown","DET","WR","WR","1.08","1.08","1.08","1.08","1.07"
"[object Object]","CeeDee Lamb","DAL","WR","WR","1.10","1.11","1.11","1.10","1.10"
"[object Object]","James Cook III","BUF","RB","RB","1.10","1.10","1.12","1.10","1.10"
"[object Object]","Justin Jefferson","MIN","WR","WR","1.12","2.01","1.12","2.01","1.11"
"[object Object]","Saquon Barkley","PHI","RB","RB","2.01","1.12","2.04","1.12","2.01"
"[object Object]","De'Von Achane","MIA","RB","RB","2.02","2.02","1.12","2.04","2.05"
"[object Object]","Ashton Jeanty","LV","RB","RB","2.03","2.02","2.05","2.02","2.04"
"[object Object]","Derrick Henry","BAL","RB","RB","2.06","2.04","2.07","2.06","2.05"
"[object Object]","Kenneth Walker","KC","RB","RB","2.06","2.07","2.10","2.04","2.02"
"[object Object]","Chase Brown","CIN","RB","RB","2.06","2.06","2.10","2.04","2.02"
"[object Object]","Omarion Hampton","LAC","RB","RB","2.07","2.03","3.02","2.07","2.04"
"[object Object]","Drake London","ATL","WR","WR","2.08","2.08","2.07","2.07","2.10"
"[object Object]","Brock Bowers","LV","TE","TE","2.10","2.11","2.12","2.09","2.08"
"[object Object]","A.J. Brown","NE","WR","WR","2.10","2.08","3.03","3.01","2.06"
"[object Object]","Nico Collins","HOU","WR","WR","2.12","2.11","3.03","2.10","2.10"
"[object Object]","Josh Allen","BUF","QB","QB","3.01","2.09","2.10","2.08","4.01"
"[object Object]","Trey McBride","ARI","TE","TE","3.01","2.12","2.09","3.02","3.05"
"[object Object]","George Pickens","DAL","WR","WR","3.01","3.01","3.07","2.10","2.12"
"[object Object]","Jeremiyah Love","ARI","RB","RB","3.03","3.03","2.11","3.04","3.06"
"[object Object]","Rashee Rice","KC","WR","WR","3.04","3.05","2.10","3.11","3.03"
"[object Object]","Malik Nabers","NYG","WR","WR","3.06","3.06","3.10","3.08","2.11"
"[object Object]","Chris Olave","NO","WR","WR","3.06","3.07","3.07","3.09","3.02"
"[object Object]","Kyren Williams","LAR","RB","RB","3.08","3.03","4.06","3.05","3.06"
"[object Object]","DeVonta Smith","PHI","WR","WR","3.09","3.10","4.05","3.06","3.04"
"[object Object]","Breece Hall","NYJ","RB","RB","3.09","3.09","3.10","3.11","3.08"
"[object Object]","Javonte Williams","DAL","RB","RB","3.10","3.10","3.12","3.11","3.10"
"[object Object]","Josh Jacobs","GB","RB","RB","3.11","3.03","4.01","3.09","4.06"
"[object Object]","Zay Flowers","BAL","WR","WR","4.01","4.05","4.05","3.12","3.07"
"[object Object]","Tetairoa McMillan","CAR","WR","WR","4.04","3.12","4.06","4.06","4.05"
"[object Object]","Tee Higgins","CIN","WR","WR","4.05","4.02","5.08","3.10","3.11"
"[object Object]","Lamar Jackson","BAL","QB","QB","4.06","3.10","4.03","4.02","5.08"
"[object Object]","Emeka Egbuka","TB","WR","WR","4.06","4.04","4.12","4.08","3.12"
"[object Object]","Ladd McConkey","LAC","WR","WR","4.06","4.03","5.03","4.10","3.09"
"[object Object]","Travis Etienne Jr.","NO","RB","RB","4.06","4.06","4.08","4.07","4.04"
"[object Object]","Garrett Wilson","NYJ","WR","WR","4.06","4.08","3.12","5.01","4.03"
"[object Object]","Cam Skattebo","NYG","RB","RB","4.06","4.01","4.08","4.06","4.11"
"[object Object]","Colston Loveland","CHI","TE","TE","4.07","4.07","4.09","4.04","4.08"
"[object Object]","Jaylen Waddle","DEN","WR","WR","4.10","4.11","5.09","4.06","4.01"
"[object Object]","D'Andre Swift","CHI","RB","RB","5.03","5.01","6.05","4.11","4.08"
"[object Object]","Davante Adams","LAR","WR","WR","5.04","5.07","4.10","5.06","5.04"
"[object Object]","Bucky Irving","TB","RB","RB","5.04","4.09","5.06","5.07","5.06"
"[object Object]","Quinshon Judkins","CLE","RB","RB","5.05","4.12","5.07","5.05","5.06"
"[object Object]","Tyler Warren","IND","TE","TE","5.05","5.03","5.02","4.11","6.03"
"[object Object]","Drake Maye","NE","QB","QB","5.05","5.04","4.11","4.11","6.07"
"[object Object]","Terry McLaurin","WAS","WR","WR","5.06","5.05","5.12","5.06","5.01"
"[object Object]","David Montgomery","HOU","RB","RB","5.06","4.11","6.10","5.04","4.11"
"[object Object]","Joe Burrow","CIN","QB","QB","5.10","5.07","5.11","5.01","6.08"
"[object Object]","DJ Moore","BUF","WR","WR","5.10","5.07","6.03","6.02","5.05"
"[object Object]","Luther Burden III","CHI","WR","WR","5.12","5.10","7.05","5.11","4.09"
"[object Object]","Jayden Daniels","WAS","QB","QB","5.12","6.05","5.03","5.06","6.09"
"[object Object]","Jameson Williams","DET","WR","WR","5.12","5.10","6.07","6.06","5.03"
"[object Object]","Jalen Hurts","PHI","QB","QB","6.01","6.03","5.03","5.09","6.12"
"[object Object]","Bhayshul Tuten","JAX","RB","RB","6.01","6.01","7.01","6.03","5.02"
"[object Object]","TreVeyon Henderson","NE","RB","RB","6.03","5.03","7.06","6.03","5.12"
"[object Object]","Rome Odunze","CHI","WR","WR","6.03","6.02","6.05","6.08","5.10"
"[object Object]","Jadarian Price","SEA","RB","RB","6.05","5.11","7.05","6.06","5.12"
"[object Object]","Mike Evans","SF","WR","WR","6.08","6.02","8.10","6.07","5.03"
"[object Object]","Carnell Tate","TEN","WR","WR","6.12","6.08","7.06","7.08","6.03"
"[object Object]","Christian Watson","GB","WR","WR","6.12","6.08","8.12","6.08","5.09"
"[object Object]","Sam LaPorta","DET","TE","TE","7.01","6.04","6.11","6.03","8.09"
"[object Object]","Tucker Kraft","GB","TE","TE","7.02","6.06","8.06","6.01","7.05"
"[object Object]","Marvin Harrison Jr.","ARI","WR","WR","7.04","7.02","8.02","7.07","6.07"
"[object Object]","Parker Washington","JAX","WR","WR","7.05","6.12","8.11","7.10","5.09"
"[object Object]","Kyle Pitts Sr.","ATL","TE","TE","7.05","6.10","6.05","7.01","9.05"
"[object Object]","Caleb Williams","CHI","QB","QB","7.05","7.03","8.08","6.08","7.01"
"[object Object]","Rhamondre Stevenson","NE","RB","RB","7.06","7.04","7.12","7.08","6.09"
"[object Object]","Jaylen Warren","PIT","RB","RB","7.07","6.09","9.03","7.05","6.10"
"[object Object]","Brian Thomas Jr.","JAX","WR","WR","7.09","6.11","9.07","7.12","6.05"
"[object Object]","Dak Prescott","DAL","QB","QB","7.09","7.12","8.01","7.02","7.08"
"[object Object]","DK Metcalf","PIT","WR","WR","7.09","7.07","8.03","8.02","7.02"
"[object Object]","Harold Fannin Jr.","CLE","TE","TE","7.10","7.03","7.03","6.11","9.09"
"[object Object]","Justin Herbert","LAC","QB","QB","8.01","7.09","9.11","6.10","7.12"
"[object Object]","Courtland Sutton","DEN","WR","WR","8.03","7.11","7.08","9.07","7.11"
"[object Object]","Tony Pollard","TEN","RB","RB","8.03","7.08","9.11","8.02","7.06"
"[object Object]","Rico Dowdle","PIT","RB","RB","8.06","7.11","9.08","8.03","7.12"
"[object Object]","Trevor Lawrence","JAX","QB","QB","8.06","9.02","8.09","8.01","8.02"
"[object Object]","Jaxson Dart","NYG","QB","QB","8.08","9.05","7.04","8.04","9.08"
"[object Object]","Jonathon Brooks","CAR","RB","RB","8.11","8.05","10.09","9.01","7.04"
"[object Object]","Chuba Hubbard","CAR","RB","RB","8.11","7.05","11.02","7.12","9.02"
"[object Object]","George Kittle","SF","TE","TE","8.11","8.04","8.11","8.03","10.04"
"[object Object]","Alec Pierce","IND","WR","WR","8.12","9.01","9.06","8.08","8.12"
"[object Object]","Michael Wilson","ARI","WR","WR","9.01","8.05","9.08","9.07","8.07"
"[object Object]","J.K. Dobbins","DEN","RB","RB","9.03","8.01","10.09","9.01","8.12"
"[object Object]","Matthew Stafford","LAR","QB","QB","9.03","9.10","7.08","9.05","10.03"
"[object Object]","Travis Kelce","KC","TE","TE","9.06","8.11","9.01","8.10","11.03"
"[object Object]","Bo Nix","DEN","QB","QB","9.07","10.11","8.03","9.04","9.10"
"[object Object]","RJ Harvey","DEN","RB","RB","9.07","7.10","12.07","9.08","8.04"
"[object Object]","Patrick Mahomes","KC","QB","QB","9.08","10.02","9.11","9.04","9.01"
"[object Object]","Michael Pittman Jr.","PIT","WR","WR","9.08","9.09","8.07","10.12","9.05"
"[object Object]","Blake Corum","LAR","RB","RB","9.08","8.10","12.05","9.04","8.03"
"[object Object]","Chris Godwin Jr.","TB","WR","WR","9.09","8.11","12.11","9.02","8.01"
"[object Object]","Jordan Addison","MIN","WR","WR","9.09","9.04","10.07","10.09","8.05"
"[object Object]","Brock Purdy","SF","QB","QB","9.10","11.01","9.07","9.02","9.06"
"[object Object]","Jayden Reed","GB","WR","WR","9.11","9.08","11.06","10.11","7.06"
"[object Object]","Quentin Johnston","LAC","WR","WR","9.11","9.09","12.06","10.02","7.04"
"[object Object]","Kyle Monangai","CHI","RB","RB","9.12","8.06","11.08","9.08","10.01"
"[object Object]","Josh Downs","IND","WR","WR","9.12","9.12","12.02","10.01","7.11"
"[object Object]","Jacory Croskey-Merritt","WAS","RB","RB","10.02","9.01","11.12","10.03","9.04"
"[object Object]","Jordyn Tyson","NO","WR","WR","10.03","8.06","14.08","8.10","8.10"
"[object Object]","Dalton Kincaid","BUF","TE","TE","10.03","8.09","11.12","9.03","11.01"
"[object Object]","Stefon Diggs","WAS","WR","WR","10.03","10.09","11.07","9.12","8.10"
"[object Object]","Makai Lemon","PHI","WR","WR","10.04","-","12.11","10.04","7.09"
"[object Object]","Jordan Mason","MIN","RB","RB","10.05","9.03","12.08","10.08","9.02"
"[object Object]","Kenny Gainwell","TB","RB","RB","10.06","10.02","10.10","10.10","10.01"
"[object Object]","Matthew Golden","GB","WR","WR","10.06","11.03","9.07","11.08","9.05"
"[object Object]","Dallas Goedert","PHI","TE","TE","10.08","11.05","9.02","9.10","12.01"
"[object Object]","Jake Ferguson","DAL","TE","TE","10.10","9.12","10.03","10.08","12.04"
"[object Object]","Wan'Dale Robinson","TEN","WR","WR","10.10","10.07","10.06","11.11","10.05"
"[object Object]","Isaiah Likely","NYG","TE","TE","10.11","10.06","11.08","10.01","11.07"
"[object Object]","Jakobi Meyers","JAX","WR","WR","10.12","10.11","10.05","11.09","10.11"
"[object Object]","Xavier Worthy","KC","WR","WR","11.02","11.08","11.04","11.09","9.11"
"[object Object]","Mark Andrews","BAL","TE","TE","11.03","11.02","11.01","10.05","12.01"
"[object Object]","Aaron Jones Sr.","MIN","RB","RB","11.04","10.03","12.01","11.03","11.08"
"[object Object]","Rachaad White","WAS","RB","RB","11.04","10.12","12.04","11.02","10.10"
"[object Object]","KC Concepcion","CLE","WR","WR","11.05","10.07","13.01","11.08","10.04"
"[object Object]","Jared Goff","DET","QB","QB","11.06","12.08","12.05","10.07","10.04"
"[object Object]","De'Zhaun Stribling","SF","WR","WR","11.06","11.05","13.07","10.07","10.04"
"[object Object]","Deebo Samuel Sr.","SF","WR","WR","11.09","11.11","11.11","11.08","11.07"
"[object Object]","Kyler Murray","MIN","QB","QB","11.10","13.03","13.03","10.04","10.07"
"[object Object]","Romeo Doubs","NE","WR","WR","12.01","11.08","13.07","11.12","10.11"
"[object Object]","Khalil Shakir","BUF","WR","WR","12.01","13.02","11.04","11.11","11.11"
"[object Object]","Baker Mayfield","TB","QB","QB","12.05","13.08","13.04","11.06","11.03"
"[object Object]","Chris Rodriguez Jr.","JAX","RB","RB","12.06","11.09","14.10","11.12","11.04"
"[object Object]","Woody Marks","HOU","RB","RB","12.08","12.10","13.05","11.11","12.05"
"[object Object]","MarShawn Lloyd","GB","RB","RB","12.09","-","-","11.11","13.07"
"[object Object]","Jordan Love","GB","QB","QB","12.10","14.12","14.02","11.04","10.09"
"[object Object]","Rashid Shaheed","SEA","WR","WR","12.10","13.06","13.11","11.08","12.03"
"[object Object]","Tyler Allgeier","ARI","RB","RB","12.10","12.01","14.08","11.10","12.09"
"[object Object]","Jalen Coker","CAR","WR","WR","12.10","13.02","14.04","12.01","11.09"
"[object Object]","Hunter Henry","NE","TE","TE","12.11","13.05","12.11","11.08","13.09"
"[object Object]","Zach Charbonnet","SEA","RB","RB","13.01","12.01","14.01","11.10","14.06"
"[object Object]","Tyrone Tracy Jr.","NYG","RB","RB","13.02","12.03","15.01","11.11","13.07"
"[object Object]","Tyler Shough","NO","QB","QB","13.03","15.07","13.12","11.10","11.06"
"[object Object]","Jonah Coleman","DEN","RB","RB","13.03","12.12","15.02","11.10","12.12"
"[object Object]","Keaton Mitchell","LAC","RB","RB","13.04","14.07","15.01","11.12","11.10"
"[object Object]","Jalen Nailor","LV","WR","WR","13.05","14.09","-","11.10","13.06"
"[object Object]","Sam Darnold","SEA","QB","QB","13.05","14.12","14.06","11.03","12.10"
"[object Object]","Mike Washington Jr.","LV","RB","RB","13.05","14.03","14.09","11.02","-"
"[object Object]","Denzel Boston","CLE","WR","WR","13.05","14.02","14.10","11.11","12.09"
"[object Object]","Brenton Strange","JAX","TE","TE","13.07","13.11","14.12","11.09","13.07"
"[object Object]","Travis Hunter","JAX","WR","WR","13.07","15.10","11.01","-","13.12"
"[object Object]","Oronde Gadsden","LAC","TE","TE","13.08","13.01","-","11.07","16.04"
"[object Object]","Ja'Kobi Lane","BAL","WR","WR","13.08","14.05","14.11","11.06","13.10"
"[object Object]","Tank Bigsby","PHI","RB","RB","13.11","14.11","15.01","11.11","13.08"
"[object Object]","T.J. Hockenson","MIN","TE","TE","13.11","16.07","12.01","11.09","15.02"
"[object Object]","Malik Willis","MIA","QB","QB","13.11","17.03","14.11","11.05","12.01"
"[object Object]","Juwan Johnson","NO","TE","TE","13.11","16.07","14.07","11.07","12.10"
"[object Object]","Alvin Kamara","NO","RB","RB","13.11","13.10","14.04","11.06","16.01"
"[object Object]","Tyjae Spears","TEN","RB","RB","13.12","15.04","14.05","12.01","14.01"
"[object Object]","Aaron Rodgers","PIT","QB","QB","14.01","-","15.01","10.09","16.04"
"[object Object]","Kenyon Sadiq","NYJ","TE","TE","14.02","15.07","13.03","11.10","16.02"
"[object Object]","Omar Cooper Jr.","NYJ","WR","WR","14.03","15.10","-","11.10","14.12"
"[object Object]","Chig Okonkwo","WAS","TE","TE","14.04","17.04","15.02","11.06","13.04"
"[object Object]","Greg Dulcich","MIA","TE","TE","14.04","-","-","11.12","16.08"
"[object Object]","Dontayvion Wicks","PHI","WR","WR","14.05","-","-","-","14.05"
"[object Object]","Brian Robinson","ATL","RB","RB","14.05","15.03","14.09","11.02","16.06"
"[object Object]","Daniel Jones","IND","QB","QB","14.05","18.10","14.02","11.07","12.12"
"[object Object]","C.J. Stroud","HOU","QB","QB","14.05","18.04","14.09","11.06","13.03"
"[object Object]","Isiah Pacheco","DET","RB","RB","14.06","15.05","14.08","11.06","16.05"
"[object Object]","Keenan Allen","IND","WR","WR","14.08","17.11","14.11","11.05","14.04"
"[object Object]","Jalen McMillan","TB","WR","WR","14.08","17.07","15.01","11.09","14.02"
"[object Object]","Pat Freiermuth","PIT","TE","TE","14.08","-","15.01","11.05","17.07"
"[object Object]","Terrance Ferguson","LAR","TE","TE","14.09","18.04","14.09","11.07","14.04"
"[object Object]","Fernando Mendoza","LV","QB","QB","14.10","16.08","14.12","10.12","16.07"
"[object Object]","Jauan Jennings","MIN","WR","WR","14.10","17.09","-","11.07","15.02"
"[object Object]","AJ Barner","SEA","TE","TE","14.10","16.12","15.01","11.06","15.09"
"[object Object]","Cam Ward","TEN","QB","QB","14.11","18.12","15.01","11.05","14.01"
"[object Object]","Dalton Schultz","HOU","TE","TE","14.11","18.05","14.12","11.08","14.06"
"[object Object]","Cyrus Allen","KC","WR","WR","14.11","-","15.01","-","14.09"
"[object Object]","Tre Tucker","LV","WR","WR","15.03","16.10","14.12","-","13.09"
"[object Object]","Bryce Young","CAR","QB","QB","15.04","20.05","15.01","11.02","14.10"
"[object Object]","Tank Dell","HOU","WR","WR","15.05","16.04","14.01","-","15.09"
"[object Object]","Malik Washington","MIA","WR","WR","15.05","-","-","-","15.05"
"[object Object]","Caleb Douglas","MIA","WR","WR","15.07","-","15.01","-","15.12"
"[object Object]","Cooper Kupp","SEA","WR","WR","15.09","18.01","15.01","11.01","18.08"
"[object Object]","Isaac TeSlaa","DET","WR","WR","16.01","19.03","-","11.05","17.06"
"[object Object]","Dylan Sampson","CLE","RB","RB","16.01","16.11","-","-","15.04"
"[object Object]","David Njoku","LAC","TE","TE","16.04","20.02","15.02","11.05","18.07"
"[object Object]","James Conner","ARI","RB","RB","16.08","19.07","-","11.06","18.11"
"[object Object]","Tre' Harris","LAC","WR","WR","16.10","19.03","-","-","14.05"
"[object Object]","Braelon Allen","NYJ","RB","RB","16.10","17.01","-","-","16.07"
"[object Object]","Geno Smith","NYJ","QB","QB","16.11","-","-","-","16.11"
"[object Object]","Pat Bryant","DEN","WR","WR","16.12","18.08","-","-","15.04"
"[object Object]","Darnell Washington","PIT","TE","TE","17.01","-","15.02","-","18.12"
"[object Object]","Carson Beck","ARI","QB","QB","17.01","-","15.02","-","18.11"
"[object Object]","Kirk Cousins","LV","QB","QB","17.01","-","15.02","-","18.11"
"[object Object]","Dawson Knox","BUF","TE","TE","17.01","-","15.02","-","18.12"
"[object Object]","Cole Kmet","CHI","TE","TE","17.01","-","15.02","-","18.12"
"[object Object]","Elijah Arroyo","SEA","TE","TE","17.01","-","15.02","-","18.12"
"[object Object]","Zavion Thomas","CHI","WR","WR","17.01","-","15.02","-","18.12"
"[object Object]","Noah Gray","KC","TE","TE","17.01","-","15.02","-","18.12"
"[object Object]","Ja'Tavion Sanders","CAR","TE","TE","17.01","-","15.02","-","18.12"
"[object Object]","Mack Hollins","NE","WR","WR","17.01","-","15.02","-","18.12"
"[object Object]","Tommy Tremble","CAR","TE","TE","17.01","-","15.02","-","18.12"
"[object Object]","Luke Musgrave","GB","TE","TE","17.01","-","15.02","-","18.12"
"[object Object]","Jordan Whittington","LAR","WR","WR","17.01","-","15.02","-","18.12"
"[object Object]","Jerry Jeudy","CLE","WR","WR","17.03","19.01","14.10","-","17.10"
"[object Object]","Kaelon Black","SF","RB","RB","17.04","-","-","-","17.04"
"[object Object]","Adonai Mitchell","NYJ","WR","WR","17.04","19.05","-","-","15.03"
"[object Object]","Emmett Johnson","KC","RB","RB","17.04","17.07","-","-","17.01"
"[object Object]","Jaydon Blue","DAL","RB","RB","17.04","18.10","-","-","15.09"
"[object Object]","Malachi Fields","NYG","WR","WR","17.06","19.12","15.02","-","17.03"
"[object Object]","Ray Davis","BUF","RB","RB","17.07","18.05","-","-","16.08"
"[object Object]","Nicholas Singleton","TEN","RB","RB","17.12","17.05","-","-","18.07"
"[object Object]","Zachariah Branch","ATL","WR","WR","18.01","18.11","-","-","17.02"
"[object Object]","Ryan Flournoy","DAL","WR","WR","18.02","21.01","-","-","15.02"
"[object Object]","Calvin Ridley","TEN","WR","WR","18.03","21.11","14.12","-","17.11"
"[object Object]","Darren Waller","CAR","TE","TE","18.04","-","-","-","18.04"
"[object Object]","Eli Stowers","PHI","TE","TE","18.07","21.09","15.02","-","18.11"
"[object Object]","Charlie Kolar","LAC","TE","TE","18.07","-","-","-","18.07"
"[object Object]","Evan Engram","DEN","TE","TE","18.10","-","-","-","18.10"
"[object Object]","Justice Hill","BAL","RB","RB","18.10","-","-","-","18.10"
"[object Object]","George Holani","SEA","RB","RB","18.10","-","-","-","18.10"
"[object Object]","Jordan James","SF","RB","RB","18.10","-","-","-","18.10"
"[object Object]","Xavier Hutchinson","HOU","WR","WR","18.10","-","-","-","18.10"
"[object Object]","Mike Gesicki","CIN","TE","TE","18.11","-","-","-","18.11"
"[object Object]","Samaje Perine","CIN","RB","RB","18.11","-","-","-","18.11"
"[object Object]","Michael Mayer","LV","TE","TE","18.11","-","-","-","18.11"
"[object Object]","Tyquan Thornton","KC","WR","WR","18.11","-","-","-","18.11"
"[object Object]","Deshaun Watson","CLE","QB","QB","18.11","-","-","-","18.11"
"[object Object]","DeMario Douglas","NE","WR","WR","18.11","-","-","-","18.11"
"[object Object]","Bryce Lance","NO","WR","WR","18.11","-","-","-","18.11"
"[object Object]","Andrei Iosivas","CIN","WR","WR","18.12","-","-","-","18.12"
"[object Object]","Xavier Legette","CAR","WR","WR","18.12","-","-","-","18.12"
"[object Object]","Malik Benson","LV","WR","WR","18.12","-","-","-","18.12"
"[object Object]","Darius Slayton","NYG","WR","WR","18.12","-","-","-","18.12"
"[object Object]","Jahan Dotson","ATL","WR","WR","18.12","-","-","-","18.12"
"[object Object]","Adam Randall","BAL","RB","RB","18.12","-","-","-","18.12"
"[object Object]","Kalif Raymond","CHI","WR","WR","18.12","-","-","-","18.12"
"[object Object]","Kendrick Bourne","ARI","WR","WR","18.12","-","-","-","18.12"
"[object Object]","Devin Singletary","NYG","RB","RB","18.12","-","-","-","18.12"
"[object Object]","Hollywood Brown","PHI","WR","WR","18.12","-","-","-","18.12"
"[object Object]","Jalen Tolbert","MIA","WR","WR","18.12","-","-","-","18.12"
"[object Object]","DJ Giddens","IND","RB","RB","18.12","-","-","-","18.12"
"[object Object]","Ollie Gordon II","MIA","RB","RB","18.12","-","-","-","18.12"
"[object Object]","LeQuint Allen Jr.","JAX","RB","RB","18.12","-","-","-","18.12"
"[object Object]","Skyler Bell","BUF","WR","WR","18.12","-","-","-","18.12"
"[object Object]","Brenen Thompson","LAC","WR","WR","18.12","-","-","-","18.12"
"[object Object]","Noah Fant","NO","TE","TE","18.12","-","-","-","18.12"
"[object Object]","Ty Johnson","BUF","RB","RB","18.12","-","-","-","18.12"
"[object Object]","Olamide Zaccheaus","ATL","WR","WR","18.12","-","-","-","18.12"
"[object Object]","AJ Dillon","CAR","RB","RB","18.12","-","-","-","18.12"
"[object Object]","Calvin Austin III","NYG","WR","WR","18.12","-","-","-","18.12"
"[object Object]","Tutu Atwell","MIA","WR","WR","18.12","-","-","-","18.12"
"[object Object]","Treylon Burks","WAS","WR","WR","18.12","-","-","-","18.12"
"[object Object]","Chris Brooks","GB","RB","RB","18.12","-","-","-","18.12"
"[object Object]","Jerome Ford","","RB","RB","18.12","-","-","-","18.12"
"[object Object]","Cedric Tillman","CLE","WR","WR","18.12","-","-","-","18.12"
"[object Object]","Emari Demercado","KC","RB","RB","18.12","-","-","-","18.12"
"[object Object]","Devontez Walker","BAL","WR","WR","18.12","-","-","-","18.12"
"[object Object]","Ben Sinnott","WAS","TE","TE","18.12","-","-","-","18.12"
"[object Object]","Roman Wilson","PIT","WR","WR","18.12","-","-","-","18.12"
"[object Object]","Isaiah Davis","NYJ","RB","RB","18.12","-","-","-","18.12"
"[object Object]","Will Shipley","PHI","RB","RB","18.12","-","-","-","18.12"
"[object Object]","Tez Johnson","TB","WR","WR","18.12","-","-","-","18.12"
"[object Object]","Trevor Etienne","CAR","RB","RB","18.12","-","-","-","18.12"
"[object Object]","Tahj Brooks","CIN","RB","RB","18.12","-","-","-","18.12"
"[object Object]","Oscar Delp","NO","TE","TE","18.12","-","-","-","18.12"
"[object Object]","Jaylin Lane","WAS","WR","WR","18.12","-","-","-","18.12"
"[object Object]","Justin Joly","DEN","TE","TE","18.12","-","-","-","18.12"
"[object Object]","Nate Boerkircher","JAX","TE","TE","18.12","-","-","-","18.12"
"[object Object]","Gunnar Helm","TEN","TE","TE","19.01","20.09","-","-","17.04"
"[object Object]","Kayshon Boutte","HOU","WR","WR","19.03","20.10","-","-","17.08"
"[object Object]","Ted Hurst III","TB","WR","WR","19.04","20.09","-","-","17.10"
"[object Object]","Cade Otton","TB","TE","TE","19.05","21.07","-","-","17.03"
"[object Object]","Kaytron Allen","WAS","RB","RB","19.08","20.07","-","-","18.10"
"[object Object]","Chris Bell","MIA","WR","WR","19.09","21.02","-","-","18.03"
"[object Object]","Kimani Vidal","LAC","RB","RB","19.09","20.12","-","-","18.07"
"[object Object]","Jacoby Brissett","ARI","QB","QB","19.09","21.11","-","-","17.08"
"[object Object]","Germie Bernard","PIT","WR","WR","19.10","21.05","-","-","18.03"
"[object Object]","Keon Coleman","BUF","WR","WR","19.11","21.02","-","-","18.08"
"[object Object]","Sean Tucker","TB","RB","RB","19.12","21.10","-","-","18.02"
"[object Object]","Demond Claiborne","MIN","RB","RB","19.12","21.01","-","-","18.11"
"[object Object]","Jaylen Wright","MIA","RB","RB","20.02","21.04","-","-","18.12"
"[object Object]","Antonio Williams","WAS","WR","WR","20.03","21.07","-","-","18.11"
"[object Object]","Jake Tonges","SF","TE","TE","20.06","22.01","-","-","18.12"
"[object Object]","Tua Tagovailoa","ATL","QB","QB","20.08","22.06","-","-","18.09"
"[object Object]","Darnell Mooney","NYG","WR","WR","20.09","22.07","-","-","18.11"
"[object Object]","Colby Parkinson","LAR","TE","TE","20.10","22.10","-","-","18.09"
"[object Object]","Tory Horton","SEA","WR","WR","20.10","22.08","-","-","18.12"
"[object Object]","Theo Johnson","NYG","TE","TE","20.11","22.11","-","-","18.12"
"[object Object]","Troy Franklin","DEN","WR","WR","20.11","22.12","-","-","18.11"
"[object Object]","Emanuel Wilson","SEA","RB","RB","21.01","23.02","-","-","18.12"
"[object Object]","Shedeur Sanders","CLE","QB","QB","30.07","57.10","15.02","-","18.10"
"[object Object]","Kyle Williams","NE","WR","WR","30.08","57.12","15.02","-","18.12"
"[object Object]","Christian Kirk","SF","WR","WR","30.12","58.09","15.02","-","18.12"
"[object Object]","Jaylin Noel","HOU","WR","WR","36.11","56.04","-","-","17.05"
"[object Object]","Devaughn Vele","NO","WR","WR","37.02","57.08","-","-","16.09"
"[object Object]","Chimere Dike","TEN","WR","WR","37.05","55.10","-","-","18.12"
"[object Object]","Mason Taylor","NYJ","TE","TE","37.10","56.08","-","-","18.12"
"[object Object]","Brashard Smith","KC","RB","RB","37.11","56.09","-","-","18.12"
"[object Object]","Jack Bech","LV","WR","WR","38.02","57.05","-","-","18.11"
"[object Object]","Devin Neal","NO","RB","RB","38.07","58.02","-","-","18.12"
"[object Object]","Chris Brazzell II","CAR","WR","WR","38.09","58.05","-","-","18.12"
"[object Object]","Audric Estimé","NO","RB","RB","38.10","58.09","-","-","18.12"
"[object Object]","Kaleb Johnson","PIT","RB","RB","38.10","58.09","-","-","18.12"
"[object Object]","Michael Penix Jr.","ATL","QB","QB","38.11","58.11","-","-","18.11"
"[object Object]","Max Klare","LAR","TE","TE","38.11","58.10","-","-","18.12"
"[object Object]","Elijah Sarratt","BAL","WR","WR","38.12","58.12","-","-","18.11"
"[object Object]","Rashod Bateman","BAL","WR","WR","38.12","59.05","-","-","18.08"
"[object Object]","Elic Ayomanor","TEN","WR","WR","39.02","59.03","-","-","18.12"
"[object Object]","Marvin Mims Jr.","DEN","WR","WR","39.02","59.05","-","-","18.12"